{"engineId":"814690f1-ea53-4179-a526-494d9431def7","engineName":"Movie","rdbmsId":"4d1d623e-5acd-43d2-a086-bea966690dc0","varstore":{},"frames":[{"file":"@BaseFolder@\\db\\@ENGINE@\\version\\4d1d623e-5acd-43d2-a086-bea966690dc0\\FRAME.gz","meta":"@BaseFolder@\\db\\@ENGINE@\\version\\4d1d623e-5acd-43d2-a086-bea966690dc0\\METADATA__FRAME.owl","state":null,"type":"prerna.ds.rdbms.h2.H2Frame","name":"FRAME","keys":["$CUR_FRAME_KEY","FRAME"]}],"panels":[{"panelId":"0","panelLabel":null,"view":"visualization","viewOptions":null,"viewOptionsMap":{},"config":{},"ornaments":{},"events":{},"comments":{},"position":{},"filters":[],"order":[],"cbv":[]}],"tasks":{"tasks":[{"type":"basic","task":{"taskType":"basic","id":"task1","numCollected":500,"internalOffset":0,"taskOptions":"{\"options\":{\"0\":{\"layout\":\"Grid\",\"alignment\":{\"label\":[\"MOVIE\",\"RottenTomatoes_Audience\",\"Rating\",\"Director\",\"MovieBudget\",\"Title\",\"ReleaseDate\",\"Revenue_International\",\"Studio\",\"Metacritic_Score\",\"Nominated\",\"Producer\",\"IMDBScore\",\"RottenTomatoes_Critics\",\"Revenue_Domestic\",\"Genre\",\"ReleaseMonth\"]}}},\"ornament\":false}","qs":{"qsType":"FRAME","frameName":"FRAME","isDistinct":true,"overrideImplicit":false,"limit":500,"offset":0,"relations":"[]","selectors":[{"type":"COLUMN","content":{"table":"MOVIE","column":"PRIM_KEY_PLACEHOLDER","alias":"MOVIE","tableAlias":null}},{"type":"COLUMN","content":{"table":"RottenTomatoes_Audience","column":"PRIM_KEY_PLACEHOLDER","alias":"RottenTomatoes_Audience","tableAlias":null}},{"type":"COLUMN","content":{"table":"Rating","column":"PRIM_KEY_PLACEHOLDER","alias":"Rating","tableAlias":null}},{"type":"COLUMN","content":{"table":"Director","column":"PRIM_KEY_PLACEHOLDER","alias":"Director","tableAlias":null}},{"type":"COLUMN","content":{"table":"MovieBudget","column":"PRIM_KEY_PLACEHOLDER","alias":"MovieBudget","tableAlias":null}},{"type":"COLUMN","content":{"table":"Title","column":"PRIM_KEY_PLACEHOLDER","alias":"Title","tableAlias":null}},{"type":"COLUMN","content":{"table":"ReleaseDate","column":"PRIM_KEY_PLACEHOLDER","alias":"ReleaseDate","tableAlias":null}},{"type":"COLUMN","content":{"table":"Revenue_International","column":"PRIM_KEY_PLACEHOLDER","alias":"Revenue_International","tableAlias":null}},{"type":"COLUMN","content":{"table":"Studio","column":"PRIM_KEY_PLACEHOLDER","alias":"Studio","tableAlias":null}},{"type":"COLUMN","content":{"table":"Metacritic_Score","column":"PRIM_KEY_PLACEHOLDER","alias":"Metacritic_Score","tableAlias":null}},{"type":"COLUMN","content":{"table":"Nominated","column":"PRIM_KEY_PLACEHOLDER","alias":"Nominated","tableAlias":null}},{"type":"COLUMN","content":{"table":"Producer","column":"PRIM_KEY_PLACEHOLDER","alias":"Producer","tableAlias":null}},{"type":"COLUMN","content":{"table":"IMDBScore","column":"PRIM_KEY_PLACEHOLDER","alias":"IMDBScore","tableAlias":null}},{"type":"COLUMN","content":{"table":"RottenTomatoes_Critics","column":"PRIM_KEY_PLACEHOLDER","alias":"RottenTomatoes_Critics","tableAlias":null}},{"type":"COLUMN","content":{"table":"Revenue_Domestic","column":"PRIM_KEY_PLACEHOLDER","alias":"Revenue_Domestic","tableAlias":null}},{"type":"COLUMN","content":{"table":"Genre","column":"PRIM_KEY_PLACEHOLDER","alias":"Genre","tableAlias":null}},{"type":"COLUMN","content":{"table":"ReleaseMonth","column":"PRIM_KEY_PLACEHOLDER","alias":"ReleaseMonth","tableAlias":null}}]}}}],"taskCounter":2},"recipe":["AddPanel ( 0 ) ;","Panel ( 0 ) | SetPanelView ( \"visualization\" ) ;","CreateFrame ( grid ) .as ( [ FRAME ] ) ;","Database ( \"814690f1-ea53-4179-a526-494d9431def7\" ) | Select ( MOVIE , MOVIE__RottenTomatoes_Audience , MOVIE__Rating , MOVIE__Director , MOVIE__MovieBudget , MOVIE__Title , MOVIE__ReleaseDate , MOVIE__Revenue_International , MOVIE__Studio , MOVIE__Metacritic_Score , MOVIE__Nominated , MOVIE__Producer , MOVIE__IMDBScore , MOVIE__RottenTomatoes_Critics , MOVIE__Revenue_Domestic , MOVIE__Genre , MOVIE__ReleaseMonth ) | Limit ( 500 ) | Import ( ) ;","Frame ( ) | Select ( MOVIE , RottenTomatoes_Audience , Rating , Director , MovieBudget , Title , ReleaseDate , Revenue_International , Studio , Metacritic_Score , Nominated , Producer , IMDBScore , RottenTomatoes_Critics , Revenue_Domestic , Genre , ReleaseMonth ) | Format ( type = [ 'table' ] ) | TaskOptions ( { \"0\" : { \"layout\" : \"Grid\" , \"alignment\" : { \"label\" : [ \"MOVIE\" , \"RottenTomatoes_Audience\" , \"Rating\" , \"Director\" , \"MovieBudget\" , \"Title\" , \"ReleaseDate\" , \"Revenue_International\" , \"Studio\" , \"Metacritic_Score\" , \"Nominated\" , \"Producer\" , \"IMDBScore\" , \"RottenTomatoes_Critics\" , \"Revenue_Domestic\" , \"Genre\" , \"ReleaseMonth\" ] } } } ) | Collect ( 500 ) ;"]}