{"insightID":"1205a00f-3044-41d4-ad19-694e91fb2c05","pixelReturn":[{"pixelExpression":"CachedPanel ( \"0\" ) ;","isMeta":false,"output":{"panelId":"0","view":"visualization","viewOptionsMap":{},"config":{},"ornaments":{},"events":{},"comments":{},"position":{},"filters":[],"order":[],"cbv":[]},"operationType":["CACHED_PANEL"]},{"pixelExpression":"Frame ( ) | Select ( MOVIE , RottenTomatoes_Audience , Rating , Director , MovieBudget , Title , ReleaseDate , Revenue_International , Studio , Metacritic_Score , Nominated , Producer , IMDBScore , RottenTomatoes_Critics , Revenue_Domestic , Genre , ReleaseMonth ) | Format ( type = [ 'table' ] ) | TaskOptions ( { \"0\" : { \"layout\" : \"Grid\" , \"alignment\" : { \"label\" : [ \"MOVIE\" , \"RottenTomatoes_Audience\" , \"Rating\" , \"Director\" , \"MovieBudget\" , \"Title\" , \"ReleaseDate\" , \"Revenue_International\" , \"Studio\" , \"Metacritic_Score\" , \"Nominated\" , \"Producer\" , \"IMDBScore\" , \"RottenTomatoes_Critics\" , \"Revenue_Domestic\" , \"Genre\" , \"ReleaseMonth\" ] } } } ) | Collect ( 500 ) ;","isMeta":false,"output":{"data":{"values":[["1.0",0.78,"R","David_O._Russell",40000000,"American_Hustle","2013-12-01",61761739,"Sony",90,"Y","Charles_Roven",7.6,0.93,141870000,"Drama",12],["10.0",0.9,"PG-13","JJ_Abrams",190000000,"Star_Trek_Into_Darkness","2013-05-01",238586000,"Paramount",72,"N","J.J._Abrams",7.9,0.87,228778000,"Action_/_Adventure",5],["100.0",0.55,"R","Ivan_Reitman",25000000,"No_Strings_Attached","2011-01-01",77118220,"Paramount",50,"N","Jeffrey_Clifford",6.1,0.49,70662220,"Comedy_/_Musical",1],["101.0",0.46,"PG-13","Raja_Gosnell",110000000,"The_Smurfs","2011-07-01",421135165,"Sony",30,"N","Jordon_Kerner",5.3,0.23,142614158,"Family_/_Animation",7],["102.0",0.42,"R","Matthijs_van_Heijningen_Jr.",38000000,"The_Thing","2011-10-01",10500000,"Universal",49,"N","Marc_Abraham",6.3,0.36,16928670,"Action_/_Adventure",10],["103.0",0.93,"R","Tom_Hooper",15000000,"The_Kings_Speech","2010-11-01",275414100,"Weinstein_Company",88,"Y","Iain_Canning",8.2,0.95,135453143,"Drama",11],["104.0",0.86,"R","Darren_Aronofsky",13000000,"Black_Swan","2010-12-01",222443368,"Fox",79,"Y","Ari_Handel",8.1,0.87,106954678,"Drama",12],["105.0",0.88,"R","David_O._Russell",25000000,"The_Fighter","2010-12-01",35573860,"Paramount",79,"Y","David_Hoberman",7.9,0.9,93617009,"Drama",12],["106.0",0.93,"PG-13","Christopher_Nolan",160000000,"Inception","2010-07-01",532956569,"WB",74,"Y","Christopher_Nolan",8.8,0.86,292576195,"Action_/_Adventure",7],["107.0",0.72,"R","Lisa_Cholodenko",4000000,"The_Kids_Are_Alright","2010-07-01",13894485,"Focus_Features",86,"Y","Jeff_Levy-Hinte",7.1,0.93,20811365,"Comedy_/_Musical",7],["108.0",0.84,"R","Danny_Boyle",18000000,"127_Hours","2010-11-01",42403567,"Fox",82,"Y","Christian_Colson",7.7,0.93,18335230,"Drama",11],["109.0",0.89,"PG-13","David_Fincher",40000000,"The_Social_Network","2010-10-01",127957621,"Sony",95,"Y","Scott_Rudin",7.9,0.96,96962694,"Drama",10],["11.0",0.78,"PG-13","Guillermo_Del_Toro",190000000,"Pacific_Rim","2013-07-01",309200000,"WB",64,"N","Thomas_Tull",7.1,0.71,101802000,"Action_/_Adventure",7],["110.0",0.91,"G","Lee_Unkrich",200000000,"Toy_Story_3","2010-06-01",648167031,"Buena_Vista",92,"Y","Daria_K._Anderson",8.5,0.99,415004880,"Family_/_Animation",6],["111.0",0.86,"PG-13","Joel_&_Ethan_Coen",38000000,"True_Grit","2010-12-01",79880786,"Paramount",80,"Y","Joel_Coen",7.8,0.96,171243005,"Action_/_Adventure",12],["112.0",0.74,"R","Debra_Granik",2000000,"Winters_Bone","2010-06-01",7300000,"Roadside_Attractions",90,"Y","Anne_Roselini",7.3,0.94,6531503,"Drama",6],["113.0",0.57,"R","Pierre_Morel",52000000,"From_Paris_with_Love","2010-02-01",28749167,"Lionsgate",42,"N","Luc_Besson",6.4,0.37,24077427,"Action_/_Adventure",2],["114.0",0.73,"R","Martin_Scorsese",80000000,"Shutter_Island","2010-06-01",166791261,"Paramount",63,"N","Martin_Scorsese",8.0,0.69,128012934,"Drama",6],["115.0",0.45,"PG-13","Ryan_Murphy",60000000,"Eat_Pray_Love","2010-08-01",124020006,"Sony",50,"N","Brad_Pitt",5.4,0.37,80574010,"Drama",8],["116.0",0.59,"PG-13","Dennis_Dugan",80000000,"Grown_Ups","2010-06-01",109429003,"Sony",30,"N","Adam_Sandler",5.8,0.1,162001186,"Comedy_/_Musical",6],["117.0",0.31,"PG-13","Jason_Friedberg",20000000,"Vampires_Suck","2010-08-01",43886362,"Fox",18,"N","Peter_Safran",3.3,0.04,36661504,"Comedy_/_Musical",8],["118.0",0.52,"PG-13","Roger_Michell",40000000,"Morning_Glory","2010-11-01",2773448,"Paramount",57,"N","J.J._Abrams",6.5,0.55,31011732,"Comedy_/_Musical",11],["119.0",0.61,"PG-13","Burr_Steers",44000000,"Charlie_St._Cloud","2010-07-01",17028159,"Universal",37,"N","Marc_Platt",6.1,0.27,31162545,"Drama",7],["12.0",0.64,"R","Gary_Fleder",22000000,"Homefront","2013-11-01",11200000,"Open_Road_Films",39,"N","Sylvester_Stallone",6.6,0.41,20158000,"Action_/_Adventure",11],["120.0",0.54,"PG-13","Sylvain_White",25000000,"The_Losers","2010-04-01",5788291,"WB",44,"N","Joel_Silver",6.3,0.49,23591432,"Action_/_Adventure",4],["121.0",0.69,"PG-13","Allen_Coulter",16000000,"Remember_Me","2010-03-01",36964649,"Summit",40,"N","Nicholas_Osbourne",7.1,0.28,19068240,"Drama",3],["122.0",0.36,"R","Scott_Stewart",26000000,"Legion","2010-01-01",27750578,"Sony",32,"N","David_Lancaster",5.1,0.2,40168080,"Thriller_/_Horror",1],["123.0",0.68,"R","Daniel_Alfredson",0,"The_Girl_Who_Played_with_Fire","2010-07-01",59488554,"Music_Box_Films",66,"N","Soren_Staermose",7.0,0.7,7638241,"Thriller_/_Horror",7],["124.0",0.56,"PG","Jon_Turteltaub",0,"The_Sorcerers_Apprentice","2010-07-01",0,"Buena_Vista",46,"N","Jerry_Bruckheimer",6.1,0.41,63150991,"Action_/_Adventure",7],["125.0",0.56,"R","Martin_Campbell",80000000,"Edge_of_Darkness","2010-01-01",37810239,"WB",55,"N","Graham_King",6.6,0.58,43313890,"Thriller_/_Horror",1],["126.0",0.51,"R","Paul_W._S._Anderson",60000000,"Resident_Evil:_Afterlife","2010-09-01",236093097,"Sony",37,"N","Paul_W._S._Anderson",5.9,0.24,60128566,"Thriller_/_Horror",9],["127.0",0.65,"PG","Julie_Anne_Robinson",20000000,"The_Last_Song","2010-03-01",26091272,"Buena_Vista",33,"N","Adam_Shankman",5.1,0.19,62950384,"Drama",3],["128.0",0.42,"R","Christian_Alvart",26000000,"Case_39","2010-10-01",14928128,"Paramount",25,"N","Lisa_Bruce",6.1,0.23,13261851,"Thriller_/_Horror",10],["129.0",0.44,"PG-13","Josh_Gordon",19000000,"The_Switch","2010-08-01",22051181,"Miramax",52,"N","Jennifer_Aniston",5.9,0.51,27779426,"Comedy_/_Musical",8],["13.0",0.55,"PG-13","Dennis_Dugan",80000000,"Grown_Ups_2","2013-07-01",113315000,"Sony",19,"N","Jack_Giarraputo",5.4,0.07,133668525,"Comedy_/_Musical",7],["130.0",0.66,"PG-13","Paul_Haggis",30000000,"The_Next_Three_Days","2010-11-01",46300000,"Lionsgate",52,"N","Michael_Nozik",7.3,0.52,21148651,"Thriller_/_Horror",11],["131.0",0.87,"PG","Nathan_Greno",260000000,"Tangled","2010-11-01",389900000,"Buena_Vista",71,"N","Ray_Conli",7.8,0.9,200821936,"Family_/_Animation",11],["132.0",0.48,"PG-13","Rick_Famuyiwa",0,"Our_Family_Wedding","2010-03-01",1153747,"Fox",38,"N","Edward_Saxon",4.2,0.14,20255281,"Comedy_/_Musical",3],["133.0",0.42,"PG","M._Night_Shyamalan",150000000,"The_Last_Airbender","2010-07-01",187941694,"Paramount",20,"N","M._Night_Shyamalan",4.5,0.06,131772187,"Action_/_Adventure",7],["134.0",0.75,"R","Derek_Cianfrance",1000000,"Blue_Valentine","2010-05-01",2649406,"Weinstein_Company",81,"N","Lynette_Howell",7.5,0.88,9706328,"Drama",5],["135.0",0.53,"PG-13","Shana_Feste",15000000,"Country_Strong","2010-12-01",310273,"Sony",45,"N","Tobey_Maguire",6.0,0.22,20218921,"Drama",12],["136.0",0.52,"PG-13","James_Mangold",117000000,"Knight_&_Day","2010-06-01",185507401,"Fox",46,"N","Cathy_Konrad",6.3,0.53,76423035,"Comedy_/_Musical",6],["137.0",0.3,"PG","Rob_Letterman",0,"Gullivers_Travels","2010-12-01",0,"Fox",33,"N","John_Davis",4.8,0.21,42779261,"Comedy_/_Musical",12],["138.0",0.75,"PG","Harald_Zwart",40000000,"Karate_Kid","2010-06-01",182534404,"Sony",61,"N","Jerry_Weintraub",6.2,0.67,176591618,"Drama",6],["139.0",0.76,"PG","Randall_Wallace",35000000,"Secretariat","2010-10-01",537416,"Buena_Vista",61,"N","Mark_Ciardi",7.1,0.64,59713955,"Drama",10],["14.0",0.57,"PG","Sam_Raimi",215000000,"Oz_The_Great_and_Powerful","2013-03-01",258400000,"Buena_Vista",44,"N","Palak_Patel",6.5,0.59,234911000,"Action_/_Adventure",3],["140.0",0.87,"PG-13","David_Yates",0,"Harry_Potter_and_the_Deathly_Hallows_Part_1","2010-11-01",660416406,"WB",65,"N","David_Heyman",7.6,0.79,295983305,"Action_/_Adventure",11],["141.0",0.23,"PG-13","Jimmy_Hayward",47000000,"Jonah_Hex","2010-06-01",356195,"WB",33,"N","Akiva_Goldsman",4.6,0.13,10547117,"Action_/_Adventure",6],["142.0",0.74,"PG-13","David_Slade",68000000,"The_Twilight_Saga:_Eclipse","2010-06-01",397959596,"Summit",58,"N","Wyck_Godfrey",4.8,0.49,300531751,"Drama",6],["143.0",0.83,"R","Kathryn_Bigelow",15000000,"The_Hurt_Locker","2009-06-01",32212961,"Summit",94,"Y","Kathryn_Bigelow",7.7,0.97,17017811,"Action_/_Adventure",6],["144.0",0.92,"PG-13","James_Cameron",0,"Avatar","2009-12-01",2021767547,"Fox",83,"Y","James_Cameron",8.0,0.83,749766139,"Action_/_Adventure",12],["145.0",0.9,"PG-13","John_Lee_Hancock",29000000,"The_Blind_Side","2009-11-01",53248834,"WB",53,"Y","Broderick_Johnson",7.6,0.66,255959475,"Drama",11],["146.0",0.81,"R","Neill_Blomkamp",30000000,"District_9","2009-08-01",95173376,"Sony",81,"Y","Peter_Jackson",8.1,0.91,115646235,"Action_/_Adventure",8],["147.0",0.78,"PG-13","Lone_Scherfig",7500000,"An_Education","2009-10-01",13521938,"Sony",85,"Y","Finola_Dwyer",7.3,0.94,12574914,"Drama",10],["148.0",0.87,"R","Quentin_Tarantino",70000000,"Inglourious_Basterds","2009-08-01",200914970,"Weinstein_Company",69,"Y","Lawrence_Bender",8.3,0.88,120540719,"Action_/_Adventure",8],["149.0",0.8,"R","Lee_Daniels",10000000,"Precious","2009-11-01",16081309,"Lionsgate",79,"Y","Lee_Daniels",7.4,0.91,47566524,"Drama",11],["15.0",0.85,"PG-13","Nat_Faxon,_Jim_Rash",5000000,"The_Way,_Way_Back","2013-07-01",1692000,"Fox_Searchlight",68,"N","Tom_Rice",7.5,0.85,21506000,"Comedy_/_Musical",7],["150.0",0.65,"R","Joel_and_Ethan_Coen",0,"A_Serious_Man","2009-10-01",22201566,"Focus",79,"Y","Ethan_and_Joel_Coen",7.1,0.89,9228768,"Comedy_/_Musical",10],["151.0",0.86,"PG","Pete_Docter",175000000,"Up","2009-05-01",438338580,"Buena_Vista",82,"Y","Jonas_Riviera",8.3,0.98,293004164,"Family_/_Animation",5],["152.0",0.76,"R","Jason_Reitman",25000000,"Up_in_the_Air","2009-12-01",83091358,"Paramount",83,"Y","Daniel_Dubiecki",7.6,0.91,83823381,"Drama",12],["153.0",0.74,"PG-13","Tyler_Perry",0,"Tyler_Perrys_Madea_Goes_to_Jail","2009-02-01",0,"Lionsgate",50,"N","Tyler_Perry",3.5,0.28,90508336,"Comedy_/_Musical",2],["154.0",0.27,"PG","James_Wong",0,"Dragonball_Evolution","2009-04-01",48134914,"Fox",45,"N","Stephen_Chow",3.1,0.14,9362785,"Action_/_Adventure",4],["155.0",0.42,"R","Neveldine/Taylor",0,"Gamer","2009-09-01",20293633,"Lionsgate",27,"N","Tom_Rosenberg",5.7,0.29,20534907,"Thriller_/_Horror",9],["156.0",0.81,"PG-13","Tyler_Perry",0,"Tyler_Perrys_I_Can_Do_Bad_All_By_Myself","2009-09-01",0,"Lionsgate",55,"N","Tyler_Perry",3.2,0.62,51733921,"Drama",9],["157.0",0.68,"R","Zack_Snyder",130000000,"Watchmen","2009-03-01",77749184,"WB",56,"N","Lawrence_Gordon",7.7,0.64,107509799,"Action_/_Adventure",3],["158.0",0.81,"PG","Wes_Anderson",40000000,"Fantastic_Mr._Fox","2009-11-01",25468104,"Fox",83,"N","Allison_Abbate",7.8,0.93,21002919,"Family_/_Animation",11],["159.0",0.53,"PG","David_Bowers",65000000,"Astro_Boy","2009-10-01",20335919,"Summit",53,"N","Maryann_Garger",6.3,0.49,19551067,"Family_/_Animation",10],["16.0",0.73,"R","Evan_Goldberg,_Seth_Rogen",32000000,"This_is_the_End","2013-06-01",24000000,"Sony",67,"N","Evan_Goldberg",6.9,0.83,101470000,"Comedy_/_Musical",6],["160.0",0.66,"R","George_Tillman",20000000,"Notorious","2009-01-01",7528069,"Fox",60,"N","Wayne_Barrow",6.4,0.5,36843682,"Drama",1],["161.0",0.52,"R","Marcus_Nispel",19000000,"Friday_the_13th","2009-02-01",26377032,"WB",34,"N","Michael_Bay",5.5,0.26,65002019,"Thriller_/_Horror",2],["162.0",0.55,"R","Dennis_Iliadis",0,"The_Last_House_on_the_Left","2009-03-01",12534013,"Universal",42,"N","Wes_Craven",6.6,0.41,32752215,"Thriller_/_Horror",3],["163.0",0.47,"PG-13","Ricky_Gervais",18500000,"The_Invention_of_Lying","2009-10-01",13955256,"WB",58,"N","Ricky_Gervais",6.4,0.57,18451251,"Comedy_/_Musical",10],["164.0",0.49,"PG","Iain_Softley",60000000,"Inkheart","2009-01-01",45146937,"WB",0,"N","Cornelia_Funke",6.0,0.39,17303424,"Action_/_Adventure",1],["165.0",0.72,"R","Michael_Moore",20000000,"Capitalism:_A_Love_Story","2009-09-01",3073112,"Overture_Films",61,"N","Anne_Moore",7.4,0.75,14363397,"Documentary",9],["166.0",0.68,"R","Patrick_Tatopoulos",35000000,"Underworld:_Rise_of_the_Lycans","2009-01-01",45551186,"Sony",44,"N","Len_Wiseman",6.5,0.3,45802315,"Thriller_/_Horror",1],["167.0",0.39,"R","Tom_Tykwer",50000000,"The_International","2009-02-01",34710864,"Sony",52,"N","Charles_Roven",6.5,0.59,25450527,"Thriller_/_Horror",2],["168.0",0.7,"PG-13","Burr_Steers",0,"17_Again","2009-08-01",72100407,"WB",48,"N","Adam_Shankman",6.3,0.55,64167069,"Comedy_/_Musical",8],["169.0",0.5,"R","David_Twohy",14000000,"A_Perfect_Getaway","2009-08-01",7337178,"Universal",63,"N","Ryan_Kavanaugh",6.5,0.6,15515460,"Thriller_/_Horror",8],["17.0",0.73,"R","Edgar_Wright",20000000,"The_Worlds_End","2013-08-01",20084000,"Focus",81,"N","Tim_Bevan",7.1,0.89,26004000,"Comedy_/_Musical",8],["170.0",0.6,"R","Tony_Scott",100000000,"The_Taking_of_Pelham_1_2_3","2009-06-01",84713814,"Sony",55,"N","Tony_Scott",6.4,0.51,65452312,"Thriller_/_Horror",6],["171.0",0.42,"PG","Kevin_Tancharoen",18000000,"Fame","2009-09-01",54756326,"MGM",39,"N","Mark_Canton",4.7,0.25,22455510,"Drama",9],["172.0",0.52,"PG-13","The_Guard_Brothers",0,"The_Uninvited","2009-01-01",13027228,"Paramount",43,"N","Michael_Grillo",6.2,0.32,28596818,"Thriller_/_Horror",1],["173.0",0.54,"PG-13","Kirk_Jones",21000000,"Everybodys_Fine","2009-12-01",7234733,"Miramax",47,"N","Gianni_Nunnari",7.1,0.46,9208876,"Comedy_/_Musical",12],["174.0",0.38,"R","Mike_Judge",8000000,"Extract","2009-09-01",25625,"Miramax",61,"N","Mike_Judge",6.2,0.63,10823158,"Comedy_/_Musical",9],["175.0",0.37,"R","Karyn_Kusama",16000000,"Jennifers_Body","2009-09-01",15351268,"Fox",47,"N","Daniel_Dubiecki",5.1,0.43,16204793,"Comedy_/_Musical",9],["176.0",0.68,"R","Robert_Luketic",38000000,"The_Ugly_Truth","2009-07-01",116383693,"Sony",28,"N","Katherine_Heigl",6.4,0.13,88915214,"Comedy_/_Musical",7],["177.0",0.47,"PG-13","Paul_McGuigan",38000000,"Push","2009-02-01",17047091,"Summit",38,"N","Bruce_Davey",6.0,0.22,31811527,"Thriller_/_Horror",2],["178.0",0.73,"R","Sam_Mendes",17000000,"Away_We_Go","2009-06-01",5447471,"Focus",58,"N","Edward_Saxto",7.1,0.67,9451946,"Comedy_/_Musical",6],["179.0",0.51,"PG-13","Peter_Cornwell",0,"The_Haunting_in_Connecticut","2009-03-01",22138216,"Lionsgate",33,"N","Paul_Brooks",5.8,0.17,55389516,"Thriller_/_Horror",3],["18.0",0.55,"PG-13","David_Talbert",0,"Baggage_Claim","2013-09-01",887000,"Fox_Searchlight",34,"N","David_Talbert",4.6,0.14,21569000,"Comedy_/_Musical",9],["180.0",0.35,"R","Benny_Boom",0,"Next_Day_Air","2009-05-01",145472,"Summit",46,"N","Scott_Aronson",5.7,0.21,10027047,"Comedy_/_Musical",5],["181.0",0.31,"PG-13","Harold_Ramis",60000000,"Year_One","2009-06-01",19020621,"Sony",34,"N","Harold_Ramis",4.9,0.14,43337279,"Comedy_/_Musical",6],["182.0",0.9,"R","Danny_Boyle",15000000,"Slumdog_Millionaire","2008-08-01",236590616,"Fox",86,"Y","Christian_Colson",8.1,0.94,141319928,"Drama",8],["183.0",0.81,"PG-13","David_Fincher",150000000,"The_Curious_Case_of_Benjamin_Button","2008-12-01",206422757,"Paramount",70,"Y","Kathleen_Kennedy",7.8,0.72,127509326,"Drama",12],["184.0",0.86,"R","Ron_Howard",25000000,"Frost/Nixon","2008-12-01",8804304,"Universal",80,"Y","Ron_Howard",7.8,0.92,18622031,"Drama",12],["185.0",0.88,"R","Gus_Van_Sant",20000000,"Milk","2008-11-01",22745285,"Focus_Features",84,"Y","Dan_Jinks",7.7,0.94,31841299,"Drama",11],["186.0",0.78,"R","Stephen_Daldry",32000000,"The_Reader","2008-12-01",74707560,"Weinstein_Company",58,"Y","Anthony_Minghella",7.6,0.61,34194407,"Drama",12],["187.0",0.42,"PG-13","Oliver_Stone",25100000,"W.","2008-10-01",3971971,"Lionsgate",0,"N","Moritz_Borman",6.4,0.59,25534493,"Drama",10],["188.0",0.86,"R","Darren_Aronofsky",6000000,"The_Wrestler","2008-09-01",18465752,"Fox",81,"N","Darren_Aronofsky",8.0,0.98,26238243,"Drama",9],["189.0",0.6,"R","Sean_Anders",19000000,"Sex_Drive","2008-10-01",10353451,"Summit",49,"N","Bob_Levy",6.6,0.46,8402485,"Comedy_/_Musical",10],["19.0",0.38,"PG-13","M._Night_Shyamalan",130000000,"After_Earth","2013-05-01",183321000,"Sony",33,"N","Jada_Pinkett-Smith",5.0,0.11,60522000,"Action_/_Adventure",5],["190.0",0.78,"PG-13","Gina_Prince-Bythewood",11000000,"The_Secret_Life_of_Bees","2008-10-01",2177160,"Fox",57,"N","Lauren_Shuler_Donner",7.0,0.58,37770162,"Drama",10],["191.0",0.84,"PG-13","Mark_Herman",12500000,"The_Boy_in_the_Striped_Pajamas","2008-11-01",31370407,"Miramax",55,"N","David_Heyman",7.8,0.63,9046156,"Drama",11],["192.0",0.54,"R","Ed_Harris",20000000,"Appaloosa","2008-10-01",7454457,"WB",64,"N","Ed_Harris",6.8,0.77,20211394,"Action_/_Adventure",10],["193.0",0.43,"PG-13","Neil_LaBute",20000000,"Lakeview_Terrace","2008-09-01",5390131,"Sony",47,"N","James_Lassiter",6.8,0.46,39263506,"Thriller_/_Horror",9],["194.0",0.61,"PG-13","Paul_Weiland",40000000,"Made_of_Honor","2008-05-01",59950026,"Sony",37,"N","Neal_H._Moritz",5.6,0.14,46012734,"Comedy_/_Musical",5],["195.0",0.64,"R","Joel_&_Ethan_Coen",37000000,"Burn_After_Ridiculous","2008-08-01",103364722,"Focus",63,"N","Joel_Coen",7.1,0.78,60355347,"Comedy_/_Musical",8],["196.0",0.46,"G","Sam_Fell",60000000,"The_Tale_of_Despereaux","2008-12-01",36070820,"Universal",53,"N","Gary_Ross",6.1,0.56,50877145,"Family_/_Animation",12],["197.0",0.82,"PG-13","Thomas_McCarthy",4000000,"The_Visitor","2008-04-01",8651086,"Overture_Films",79,"N","Michael_London",7.7,0.89,9427089,"Drama",4],["198.0",0.41,"R","Ken_Alterman",90000000,"Semi-Pro","2008-02-01",10405206,"New_Line",47,"N","Joshua_Church",5.7,0.21,33479698,"Comedy_/_Musical",2],["199.0",0.36,"PG-13","Craig_Mazin",35000000,"Superhero_Movie","2008-03-01",45356283,"MGM/UA",33,"N","David_Zucker",4.3,0.16,25881068,"Comedy_/_Musical",3],["2.0",0.91,"PG-13","Paul_Greengrass",55000000,"Captain_Phillips","2013-10-01",110700042,"Sony",83,"Y","Scott_Rudin",8.0,0.93,106870000,"Drama",10],["20.0",0.62,"PG-13","Adam_McKay",50000000,"Anchorman_2:_The_Legend_Continues","2013-12-01",44100000,"Paramount",61,"N","Judd_Apatow",7.1,0.74,125117000,"Comedy_/_Musical",12],["200.0",0.49,"PG","Jennifer_Flackett",37000000,"Nims_Island","2008-04-01",52069580,"Fox",55,"N","Paula_Mazur",6.0,0.51,48006762,"Action_/_Adventure",4],["201.0",0.36,"PG-13","John_Moore",35000000,"Max_Payne","2008-10-01",44727512,"Fox",31,"N","John_Moore",5.3,0.16,40689393,"Action_/_Adventure",10],["202.0",0.84,"R","Joel_and_Ethan_Coen",0,"No_Country_for_Old_Men","2007-11-01",97343541,"Miramax",91,"Y","Joel_Coen",8.2,0.95,74283625,"Drama",11],["203.0",0.79,"R","Joe_Wright",0,"Atonement","2007-09-01",78338994,"Focus",85,"Y","Tim_Bevan",7.8,0.83,50927067,"Drama",9],["204.0",0.89,"PG-13","Jason_Reitman",7500000,"Juno","2007-12-01",87916319,"Fox",81,"Y","John_Malkovich",7.7,0.94,143495265,"Drama",12],["205.0",0.72,"R","Tony_Gilroy",0,"Michael_Clayton","2007-12-01",43957953,"WB",82,"Y","Sydney_Pollack",7.4,0.9,49033882,"Thriller_/_Horror",12],["206.0",0.84,"R","Paul_Thomas_Anderson",25000000,"There_Will_Be_Blood","2007-12-01",35959031,"Paramount",92,"Y","Joanne_Sellar",8.1,0.91,40222514,"Drama",12],["207.0",0.5,"R","Martin_Weisz",15000000,"The_Hills_Have_Eyes_2","2007-03-01",16662372,"Fox",32,"N","Wes_Craven",5.0,0.11,20804166,"Thriller_/_Horror",3],["208.0",0.75,"R","Bruce_A._Evans",20000000,"Mr._Brooks","2007-06-01",19572602,"MGM",45,"N","Jim_Wilson",7.4,0.55,28549298,"Thriller_/_Horror",6],["209.0",0.54,"PG-13","Sam_Raimi",258000000,"Spider-Man_3","2007-05-01",554341323,"Sony",59,"N","Avi_Arad",6.3,0.63,336530303,"Action_/_Adventure",5],["21.0",0.78,"PG-13","Brian_Percival",19000000,"The_Book_Thief","2013-11-01",33335000,"Fox",53,"N","Ken_Blancato",7.7,0.5,20996000,"Drama",11],["210.0",0.37,"R","Colin_and_Greg_Strause",0,"Aliens_Vs._Predator_-_Requiem","2007-12-01",87087428,"Fox",29,"N","John_Davis",4.7,0.12,41797066,"Thriller_/_Horror",12],["211.0",0.71,"PG","Gábor_Csupó",0,"Bridge_to_Terabithia","2007-02-01",55314621,"Buena_Vista",74,"N","David_L._Paterson",7.2,0.84,82272442,"Action_/_Adventure",2],["212.0",0.48,"PG-13","Pang_Brothers",16000000,"The_Messengers","2007-02-01",19653826,"Sony",34,"N","Sam_Raimi",5.3,0.12,35374833,"Thriller_/_Horror",2],["213.0",0.57,"R","James_Wan",20000000,"Dead_Silence","2007-03-01",5408331,"Universal",34,"N","Mark_Burg",6.0,0.2,16809076,"Thriller_/_Horror",3],["214.0",0.84,"PG","Michael_Apted",0,"Amazing_Grace","2007-02-01",10869677,"IDP",65,"N","Terrence_Malick",7.4,0.7,21250683,"Drama",2],["215.0",0.51,"PG","Sean_McNamara",0,"BRATZ","2007-08-01",16002944,"Lionsgate",21,"N","Isaac_Larian",2.7,0.07,10010209,"Comedy_/_Musical",8],["216.0",0.86,"PG-13","Denzel_Washington",15000000,"The_Great_Debaters","2007-12-01",0,"MGM/UA",65,"N","Oprah_Winfrey",7.5,0.69,30236407,"Drama",12],["217.0",0.64,"R","Frank_Darabont",18000000,"The_Mist","2007-11-01",31698758,"MGM/UA",58,"N","Frank_Darabont",7.3,0.74,25594957,"Thriller_/_Horror",11],["218.0",0.82,"R","Antoine_Fuqua",61000000,"Shooter","2007-03-01",48693414,"Paramount",53,"N","Lorenzo_de_Bonaventura",7.1,0.48,47003582,"Action_/_Adventure",3],["219.0",0.74,"PG","Julian_Jarrold",16500000,"Becoming_Jane","2007-08-01",18640726,"Miramax",55,"N","Graham_Broadbent",6.9,0.57,18670946,"Drama",8],["22.0",0.42,"R","John_Moore",92000000,"A_good_Day_to_Die_Hard","2013-02-01",237304000,"Fox",28,"N","Jason_Keller",5.4,0.14,67349000,"Action_/_Adventure",2],["220.0",0.35,"R","Michael_Katleman",0,"Primeval","2007-01-01",4693543,"Buena_Vista",35,"N","Gavin_Polone",4.4,0.19,10597734,"Thriller_/_Horror",1],["221.0",0.62,"R","James_Wan",0,"Death_Sentence","2007-08-01",7440201,"Fox",36,"N","Ashtok_Amritraj",6.8,0.2,9534258,"Thriller_/_Horror",8],["222.0",0.92,"R","Martin_Scorsese",90000000,"The_Departed","2006-10-01",157463039,"WB",86,"Y","Brad_Pitt",8.5,0.93,132384315,"Drama",10],["223.0",0.76,"R","Alejandro_González_Iñárritu",25000000,"Babel","2006-10-01",101027345,"Paramount",69,"Y","Steve_Golin",7.5,0.69,34302837,"Drama",10],["224.0",0.85,"R","Clint_Eastwood",19000000,"Letters_from_Iwo_Jima","2006-12-01",54917146,"WB",89,"Y","Clint_Eastwood",8.0,0.91,13756082,"Action_/_Adventure",12],["225.0",0.9,"R","Jonathan_Dayton",8000000,"Little_Miss_Sunshine","2006-07-01",40632083,"Fox",80,"Y","Albert_Berger",7.9,0.91,59891098,"Comedy_/_Musical",7],["226.0",0.74,"PG-13","Stephen_Frears",15000000,"The_Queen","2006-09-01",66942417,"Miramax",91,"Y","Andy_Harries",7.4,0.97,56441711,"Drama",9],["227.0",0.57,"PG-13","Takashi_Shimizu",10000000,"The_Grudge_2","2006-10-01",76921753,"Sony",33,"N","Sam_Raimi",4.7,0.1,39143839,"Thriller_/_Horror",10],["228.0",0.71,"PG-13","Dennis_Dugan",33000000,"The_Benchwarmers","2006-04-01",5113537,"Sony",25,"N","Adam_Sandler",5.4,0.11,59843754,"Comedy_/_Musical",4],["229.0",0.81,"PG-13","Chris_Robinson",20000000,"ATL","2006-03-01",0,"WB",0,"N","Dallas_Austin",5.2,0.63,21170563,"Drama",3],["23.0",0.62,"PG-13","Jon_Turteltaub",28000000,"Last_Vegas","2013-11-01",62922000,"CBS",48,"N","Amy_Baer",6.7,0.47,63890000,"Comedy_/_Musical",11],["230.0",0.64,"R","Jonathan_Liebesman",16000000,"The_Texas_Chainsaw_Massacre:_The_Beginning","2006-10-01",12246643,"New_Line",29,"N","Michael_Bay",5.8,0.12,39517763,"Thriller_/_Horror",10],["231.0",0.42,"PG-13","Kurt_Wimmer",30000000,"Ultraviolet","2006-03-01",12534399,"Sony",18,"N","John_Baldecchi",4.2,0.09,18535812,"Thriller_/_Horror",3],["232.0",0.47,"PG-13","Courtney_Solomon",14000000,"An_American_Haunting","2006-05-01",13314091,"Freestyle",38,"N","Christopher_Milburn",4.9,0.12,16298046,"Thriller_/_Horror",5],["233.0",0.48,"R","Michael_Mann",135000000,"Miami_Vice","2006-07-01",100344039,"Universal",65,"N","Michael_Mann",5.9,0.47,63450470,"Action_/_Adventure",7],["234.0",0.65,"G","Matthew_OCallaghan",50000000,"Curious_George","2006-02-01",11474055,"Universal",62,"N","Ron_Howard",6.5,0.69,58360760,"Family_/_Animation",2],["235.0",0.5,"PG","Bob_Dolman",0,"How_To_Eat_Fried_Worms","2006-08-01",55787,"New_Line",56,"N","Mark_Johnson",5.2,0.58,13040527,"Family_/_Animation",8],["236.0",0.74,"PG","Ericson_Core",40000000,"Invincible","2006-08-01",673876,"Buena_Vista",63,"N","Gordon_Gray",7.0,0.71,57806952,"Drama",8],["237.0",0.27,"PG-13","Neil_LaBute",40000000,"The_Wicker_Man","2006-09-01",15105946,"WB",36,"N","Nicolas_Cage",3.6,0.15,23649127,"Thriller_/_Horror",9],["238.0",0.7,"R","Clint_Eastwood",90000000,"Flags_of_Our_Fathers","2006-10-01",32297873,"Paramount",79,"N","Clint_Eastwood",7.1,0.73,33602376,"Action_/_Adventure",10],["239.0",0.8,"PG","Frank_Marshall",40000000,"Eight_Below","2006-02-01",38843429,"Buena_Vista",64,"N","Patrick_Crowley",7.2,0.72,81612565,"Action_/_Adventure",2],["24.0",0.75,"R","Derek_Cianfrance",15000000,"The_Place_Beyond_the_Pines","2013-03-01",14082000,"Focus",68,"N","Lynette_Howell",7.4,0.81,21403000,"Drama",3],["240.0",0.6,"PG-13","Richard_Donner",55000000,"16_Blocks","2006-03-01",28769580,"WB",63,"N","Avi_Lerner",6.6,0.55,36895141,"Thriller_/_Horror",3],["241.0",0.74,"PG-13","Betty_Thomas",18000000,"John_Tucker_Must_Die","2006-07-01",27812815,"Fox",41,"N","Bob_Coopr",5.5,0.25,41011711,"Comedy_/_Musical",7],["242.0",0.0,"R","Paul_Haggis",6500000,"Crash","2005-09-01",43829761,"Lionsgate",69,"Y","Paul_Haggis",7.9,0.76,54580300,"Drama",9],["243.0",0.77,"R","Ang_Lee",14000000,"Brokeback_Mountain","2005-12-01",95081998,"Focus",87,"Y","James_Schamus",7.7,0.87,83043761,"Action_/_Adventure",12],["244.0",0.73,"R","Bennett_Miller",7000000,"Capote","2005-09-01",20482631,"Sony",88,"Y","Caroline_Baron",7.4,0.9,28750530,"Drama",9],["245.0",0.73,"PG","George_Clooney",7000000,"Good_Night,_and_Good_Luck","2005-10-01",23083188,"Warner_Independent",80,"Y","Grant_Heslov",7.6,0.93,31558003,"Drama",10],["246.0",0.78,"R","Steven_Spielberg",70000000,"Munich","2005-12-01",82955226,"Universal",74,"Y","Steven_Spielberg",7.7,0.78,47403685,"Thriller_/_Horror",12],["247.0",0.65,"PG-13","Andy_Tennant",70000000,"Hitch","2005-02-01",188604865,"Sony",58,"N","James_Lassiter",6.6,0.69,179495555,"Comedy_/_Musical",2],["248.0",0.5,"R","D.J._Caruso",35000000,"Two_for_the_Money","2005-10-01",7535130,"Universal",50,"N","James_G._Robinson",6.1,0.21,22991379,"Thriller_/_Horror",10],["249.0",0.56,"PG-13","Jeff_Wadlow",1000000,"Cry_Wolf","2005-09-01",5537821,"Rogue_Pictures",39,"N","Seth_Gordon",5.7,0.23,10047674,"Thriller_/_Horror",9],["25.0",0.55,"PG-13","Carl_Rinsch",175000000,"47_Ronin","2013-12-01",104700000,"Universal",29,"N","Pamela_Abdy",6.6,0.12,38362000,"Action_/_Adventure",12],["250.0",0.61,"PG","Martin_Campbell",75000000,"The_Legend_of_Zorro","2005-10-01",95936042,"Sony",47,"N","Walter_F._Parkes",5.8,0.26,46464023,"Action_/_Adventure",10],["251.0",0.7,"R","David_Dobkin",40000000,"Wedding_Crashers","2005-07-01",75920820,"New_Line",64,"N","Peter_Abrams",7.0,0.75,209255921,"Comedy_/_Musical",7],["252.0",0.54,"PG-13","Hideo_Nakata",0,"The_Ring_Two","2005-03-01",85220289,"Dreamworks",44,"N","Laurie_MacDonald",5.2,0.2,76231249,"Thriller_/_Horror",3],["253.0",0.73,"PG-13","Roger_Kumble",0,"Just_Friends","2005-11-01",18292763,"New_Line",47,"N","Chris_Bender",6.2,0.42,32619671,"Comedy_/_Musical",11],["254.0",0.76,"PG","Rob_Hardy",4000000,"The_Gospel","2005-10-01",0,"Sony",46,"N","William_Packer",3.3,0.32,15778152,"Drama",10],["255.0",0.89,"PG-13","Joss_Whedon",39000000,"Serenity","2005-09-01",13354947,"Universal",74,"N","Christopher_Buchanan",7.9,0.82,25514517,"Action_/_Adventure",9],["256.0",0.8,"PG-13","Catherine_Hardwicke",25000000,"Lords_of_Dogtown","2005-06-01",2138440,"Sony",56,"N","John_Linson",6.9,0.55,11273517,"Drama",6],["257.0",0.54,"G","Angela_Robinson",50000000,"Herbie:_Fully_Loaded","2005-06-01",78123000,"Buena_Vista",47,"N","Robert_Simonds",4.6,0.42,66023816,"Comedy_/_Musical",6],["258.0",0.37,"PG-13","Walter_Salles",0,"Dark_Water","2005-07-01",24010000,"Buena_Vista",52,"N","Roy_Lee",5.5,0.45,25473352,"Thriller_/_Horror",7],["259.0",0.64,"R","Andrew_Douglas",19000000,"The_Amityville_Horror","2005-04-01",42813762,"MGM",33,"N","Michael_Bay",5.8,0.24,65233369,"Thriller_/_Horror",4],["26.0",0.9,"R","Peter_Berg",40000000,"Lone_Survivor","2013-12-01",0,"Universal",60,"N","Steven_Saxton",7.9,0.74,119000000,"Action_/_Adventure",12],["260.0",0.49,"R","Greg_McLean",0,"Wolf_Creek","2005-12-01",11574468,"Weinstein_Company",54,"N","David_Lightfoot",6.2,0.53,16188180,"Thriller_/_Horror",12],["261.0",0.56,"G","Mark_Dindal",150000000,"Chicken_Little","2005-11-01",179046172,"Buena_Vista",48,"N","Randy_Fullmer",5.8,0.36,135386665,"Family_/_Animation",11],["262.0",0.87,"PG-13","Clint_Eastwood",30000000,"Million_Dollar_Baby","2004-12-01",116271443,"WB",86,"Y","Clint_Eastwood",8.1,0.92,100492203,"Drama",12],["263.0",0.73,"PG-13","Martin_Scorsese",110000000,"The_Aviator","2004-12-01",111131129,"Miramax",77,"Y","Michael_Mann",7.5,0.87,102610330,"Drama",12],["264.0",0.84,"PG","Marc_Forster",25000000,"Finding_Neverland","2004-11-01",65085943,"Miramax",67,"Y","Richard_N._Gladstein",7.5,0.83,51680613,"Drama",11],["265.0",0.87,"PG-13","Taylor_Hackford",40000000,"Ray","2004-10-01",49399934,"Universal",73,"Y","Taylor_Hackford",7.7,0.81,75331600,"Drama",10],["266.0",0.77,"R","Alexander_Payne",16000000,"Sideways","2004-10-01",38203338,"Fox",94,"Y","Michael_London",7.6,0.96,71503593,"Comedy_/_Musical",10],["267.0",0.91,"R","Edgar_Wright",0,"Shaun_of_the_Dead","2004-09-01",16496518,"Rogue_Pictures",76,"N","Nira_Park",8.0,0.91,13542874,"Comedy_/_Musical",9],["268.0",0.66,"PG-13","Mark_Waters",17000000,"Mean_Girls","2004-04-01",42984816,"Paramount",66,"N","Lorne_Michaels",6.9,0.83,86058055,"Comedy_/_Musical",4],["269.0",0.7,"R","David_S._Goyer",65000000,"Blade:_Trinity","2004-12-01",76493460,"New_Line",38,"N","Peter_Frankfurt",5.8,0.26,52411906,"Thriller_/_Horror",12],["27.0",0.89,"R","Ryan_Coogler",0,"Fruitvale_Station","2013-07-01",924000,"Weinstein_Company",85,"N","Forest_Whitaker",7.6,0.94,16101000,"Drama",7],["270.0",0.71,"R","Luke_Greenfield",0,"The_Girl_Next_Door","2004-04-01",15821739,"Fox",47,"N","Charles_Gordon",6.8,0.55,14589444,"Comedy_/_Musical",4],["271.0",0.32,"R","Chris_Kentis",500000,"Open_Water","2004-08-01",24057091,"Lionsgate",63,"N","Laura_and_Estelle_Lau",5.8,0.72,30610863,"Thriller_/_Horror",8],["272.0",0.58,"R","Jessey_Terrero",16000000,"Soul_Plane","2004-05-01",631596,"MGM",33,"N","David_Scott_Rubin",3.9,0.18,14190750,"Comedy_/_Musical",5],["273.0",0.49,"PG-13","Howard_Deutch",40000000,"The_Whole_Ten_Yards","2004-04-01",9827310,"WB",24,"N","David_Bergstein",5.2,0.04,16328471,"Comedy_/_Musical",4],["274.0",0.59,"PG","Vicky_Jenson",75000000,"Shark_Tale","2004-10-01",206413111,"Dreamworks",48,"N","Bill_Damaschke",5.9,0.36,160861908,"Family_/_Animation",10],["275.0",0.72,"PG-13","Steven_Spielberg",60000000,"The_Terminal","2004-06-01",141544372,"Dreamworks",55,"N","Steven_Spielberg",7.2,0.6,77872883,"Drama",6],["276.0",0.73,"PG-13","David_Twohy",105000000,"The_Chronicles_of_Riddick","2004-06-01",58011721,"Universal",38,"N","Scott_Kroopf",6.5,0.29,57761012,"Action_/_Adventure",6],["277.0",0.71,"PG-13","Guy_Ferland",25000000,"Dirty_Dancing:_Havana_Nights","2004-02-01",13523426,"Lionsgate",39,"N","Lawrence_Bender",5.7,0.22,14161590,"Drama",2],["278.0",0.6,"PG-13","Tim_Story",25000000,"Taxi","2004-10-01",32284369,"Fox",27,"N","Luc_Besson",4.2,0.1,36611066,"Comedy_/_Musical",10],["279.0",0.53,"PG","Bart_Freundlich",12000000,"Catch_that_Kid","2004-02-01",226963,"Fox",33,"N","Andrew_Lazar",4.9,0.11,16703799,"Family_/_Animation",2],["28.0",0.34,"PG-13","Paul_Weitz",13000000,"Admission","2013-03-01",0,"Focus",48,"N","Paul_Weitz",5.7,0.38,18007000,"Comedy_/_Musical",3],["280.0",0.54,"PG-13","John_Hamburg",42000000,"Along_Came_Polly","2004-01-01",83866222,"Universal",44,"N","Danny_DeVito",5.8,0.25,88097164,"Comedy_/_Musical",1],["281.0",0.75,"R","David_O._Russell",20000000,"I_Heart_Huckabees","2004-10-01",7286740,"Fox",55,"N","David_O._Russell",6.7,0.62,12785432,"Comedy_/_Musical",10],["282.0",0.83,"PG-13","Peter_Jackson",94000000,"The_Lord_of_the_Rings:_The_Return_of_the_King","2003-12-01",742083616,"New_Line",94,"Y","Peter_Jackson",8.9,0.94,377027325,"Action_/_Adventure",12],["283.0",0.84,"R","Sofia_Coppola",4000000,"Lost_in_Translation","2003-09-01",75138403,"Focus",89,"Y","Ross_Katz",7.8,0.95,44585453,"Comedy_/_Musical",9],["284.0",0.75,"PG-13","Peter_Weir",150000000,"Master_and_Commander:_The_Far_Side_of_the_World","2003-11-01",118083191,"Fox",81,"Y","Alan_B._Curtiss",7.4,0.85,93927920,"Action_/_Adventure",11],["285.0",0.86,"R","Clint_Eastwood",25000000,"Mystic_River","2003-10-01",66686829,"WB",84,"Y","Clint_Eastwood",8.0,0.87,90135191,"Drama",10],["286.0",0.74,"PG-13","Gary_Ross",87000000,"Seabiscuit","2003-07-01",28058591,"Universal",72,"Y","Gary_Ross",7.2,0.77,120277854,"Drama",7],["287.0",0.61,"PG-13","Tom_Shadyac",81000000,"Bruce_Almighty","2003-05-01",241763613,"Universal",46,"N","Tom_Shadyac",6.6,0.49,242829261,"Comedy_/_Musical",5],["288.0",0.88,"PG-13","Sylvain_Chomet",8000000,"The_Triplets_of_Belleville","2003-11-01",7769611,"Sony",91,"N","Didier_Brunner",7.7,0.94,7007149,"Family_/_Animation",11],["289.0",0.6,"PG","Mark_Waters",20000000,"Freaky_Friday","2003-08-01",50616000,"Buena_Vista",70,"N","Andrew_Gunn",6.2,0.88,110230332,"Comedy_/_Musical",8],["29.0",0.91,"PG-13","Francis_Lawrence",130000000,"The_Hunger_Games:_Catching_Fire","2013-11-01",439278000,"Lionsgate",75,"N","Nina_Jacobson",8.0,0.89,423116000,"Action_/_Adventure",11],["290.0",0.25,"PG-13","James_Ivory",0,"Le_Divorce","2003-08-01",3910939,"Fox",51,"N","Ismail_Merchant",4.9,0.37,9081057,"Comedy_/_Musical",8],["291.0",0.72,"R","Antoine_Fuqua",75000000,"Tears_of_the_Sun","2003-05-01",42733286,"Sony",48,"N","Ian_Bryce",6.5,0.34,43734876,"Drama",5],["292.0",0.74,"R","Andy_&_Larry_Wachowski",150000000,"The_Matrix_Reloaded","2003-05-01",460552000,"WB",62,"N","Joel_Silver",7.1,0.73,281576461,"Action_/_Adventure",5],["293.0",0.65,"PG-13","Ronald_F._Maxwell",56000000,"Gods_and_Generals","2003-02-01",41002,"WB",19,"N","Moctesuma_Esparza",6.1,0.08,12882934,"Action_/_Adventure",2],["294.0",0.34,"PG-13","Ang_Lee",137000000,"Hulk","2003-10-01",113183246,"Universal",54,"N","Avi_Arad",5.7,0.62,132177234,"Action_/_Adventure",10],["295.0",0.66,"PG-13","Peter_Webber",15564000,"Girl_With_a_Pearl_Earring","2003-06-01",19795818,"Lionsgate",72,"N","Andy_Paterson",7.0,0.72,11670971,"Drama",6],["296.0",0.69,"PG-13","Gurinder_Chadha",6000000,"Bend_It_Like_Beckham","2003-12-01",44039884,"Fox",66,"N","Gurinder_Chadha",6.7,0.85,32543449,"Comedy_/_Musical",12],["297.0",0.8,"PG-13","Christopher_Guest",6000000,"A_Mighty_Wind","2003-03-01",969240,"WB",81,"N","Karen_Murphy",7.2,0.88,17781006,"Comedy_/_Musical",3],["298.0",0.63,"PG-13","Roger_Donaldson",0,"The_Recruit","2003-04-01",48389744,"Buena_Vista",56,"N","Jeff_Apple",6.5,0.43,52802140,"Thriller_/_Horror",4],["299.0",0.76,"R","Quentin_Tarantino",30000000,"Kill_Bill_Vol._1","2003-01-01",110850000,"Miramax",69,"N","Lawrence_Bender",8.2,0.85,70099045,"Action_/_Adventure",1],["3.0",0.92,"R","Jean-Marc_Vallee",5000000,"Dallas_Buyers_Club","2013-11-01",6000000,"Focus",84,"Y","Robbie_Brenner",8.0,0.94,24356000,"Drama",11],["30.0",0.67,"PG-13","J.C._Chandor",8500000,"All_is_Lost","2013-10-01",0,"Roadside_Attractions",87,"N","Justin_Nappi",7.0,0.93,6255000,"Drama",10],["300.0",0.54,"PG-13","Stephen_Norrington",78000000,"The_League_of_Extraordinary_Gentlemen","2003-10-01",112800000,"Fox",30,"N","Trevor_Albert",5.6,0.17,66465204,"Family_/_Animation",10],["301.0",0.72,"PG","Andrew_Davis",20000000,"Holes","2003-04-01",4000000,"Buena_Vista",71,"N","Andrew_Davis",7.0,0.77,67406573,"Comedy_/_Musical",4],["302.0",0.8,"PG-13","Rob_Marshall",45000000,"Chicago","2002-12-01",136089214,"Miramax",82,"Y","Rob_Weinstein",7.1,0.87,170687518,"Drama",12],["303.0",0.76,"R","Martin_Scorsese",97000000,"Gangs_of_New_York","2002-12-01",115960504,"Miramax",72,"Y","Alberto_Grimaldi",7.5,0.75,77812000,"Drama",12],["304.0",0.82,"PG-13","Stephen_Daldry",25000000,"The_Hours","2002-12-01",67170078,"Paramount",81,"Y","Robert_Fox",7.5,0.81,41675994,"Action_/_Adventure",12],["305.0",0.92,"PG-13","Peter_Jackson",94000000,"The_Lord_of_the_Rings:_The_Two_Towers","2002-12-01",583495746,"New_Line",88,"Y","Peter_Jackson",8.7,0.96,339789881,"Action_/_Adventure",12],["306.0",0.94,"R","Roman_Polanksi",35000000,"The_Pianist","2002-12-01",87500000,"Focus",85,"Y","Roman_Polanski",8.5,0.96,32572577,"Drama",12],["307.0",0.53,"R","Miguel_Arteta",8000000,"The_Good_Girl","2002-08-01",2837828,"Fox",71,"N","Matthew_Greenfield",6.5,0.81,14018296,"Thriller_/_Horror",8],["308.0",0.36,"PG-13","John_Polson",10000000,"SwimFan","2002-09-01",5846245,"Fox",29,"N","Joseph_M._Caracciolo_Jr.",4.7,0.14,28564995,"Drama",9],["309.0",0.76,"PG-13","Todd_Haynes",13500000,"Far_From_Heaven","2002-11-01",13126065,"Focus",84,"N","Jody_Patton",7.4,0.89,15901849,"Drama",11],["31.0",0.63,"R","Joseph_Gordon-Levitt",6000000,"Don_Jon","2013-09-01",5973000,"Relativity",66,"N","Ram_Bergman",6.8,0.81,24477000,"Comedy_/_Musical",9],["310.0",0.65,"PG-13","Michael_Hoffman",12500000,"The_Emperors_Club","2002-11-01",2199698,"Universal",49,"N","Marc_Abraham",6.8,0.5,14118751,"Family_/_Animation",11],["311.0",0.95,"PG","Hayao_Miyazaki",19000000,"Spirited_Away","2002-09-01",264869236,"Buena_Vista",94,"N","Toshio_Suzuki",8.6,0.97,10055859,"Action_/_Adventure",9],["312.0",0.51,"R","Gregory_Hoblit",70000000,"Harts_War","2002-02-01",13209403,"MGM",49,"N","Wolfgang_Glattes",6.2,0.6,19077641,"Family_/_Animation",2],["313.0",0.65,"PG","Chris_Sanders",80000000,"Lilo_&_Stitch","2002-06-01",127349813,"Buena_Vista",73,"N","Clark_Spencer",7.0,0.86,145794338,"Action_/_Adventure",6],["314.0",0.65,"PG-13","Sam_Raimi",139000000,"Spider-Man","2002-05-01",418002176,"Sony",73,"N","Laura_Ziskin",7.3,0.89,403706375,"Action_/_Adventure",5],["315.0",0.33,"PG","Jonathan_Frakes",26000000,"Clockstoppers","2002-03-01",1803327,"Paramount",40,"N","Gale_Anne_Hurd",5.0,0.29,36989956,"Comedy_/_Musical",3],["316.0",0.29,"PG-13","Tom_Dey",85000000,"Showtime","2002-03-01",39659020,"WB",32,"N","James_Lassiter",5.4,0.25,38082712,"Thriller_/_Horror",3],["317.0",0.36,"PG-13","Stephen_Gaghan",25000000,"Abandon","2002-10-01",1574536,"Paramount",36,"N","Gary_Barber",4.8,0.17,10727683,"Comedy_/_Musical",10],["318.0",0.38,"G","Peter_Hastings",35000000,"The_Country_Bears","2002-07-01",1021272,"Buena_Vista",37,"N","Jeffrey_Chernov",3.8,0.3,16990825,"Action_/_Adventure",7],["319.0",0.69,"PG-13","Rob_Cohen",70000000,"XXX","2002-08-01",135339000,"Sony",48,"N","Neal_H._Moritz",5.7,0.48,142109382,"Action_/_Adventure",8],["32.0",0.88,"PG-13","John_Lee_Hancock",35000000,"Saving_Mr._Banks","2013-12-01",17900000,"Buena_Vista",65,"N","Alison_Owen",7.8,0.8,82012000,"Drama",12],["320.0",0.33,"R","Andrew_Davis",85000000,"Collateral_Damage","2002-02-01",38305176,"WB",33,"N","Hawk_Koch",5.3,0.18,40077257,"Comedy_/_Musical",2],["321.0",0.63,"PG-13","Marc_Lawrence",60000000,"Two_Weeks_Notice","2002-12-01",105688391,"WB",42,"N","Sandra_Bullock",5.8,0.42,93354851,"Drama",12],["322.0",0.91,"PG-13","Ron_Howard",58000000,"A_Beautiful_Mind","2001-12-01",142800000,"Universal",72,"Y","Ron_Howard",8.1,0.78,170742341,"Drama",12],["323.0",0.75,"R","Robert_Altman",19800000,"Gosford_Park","2001-12-01",46445429,"USA",72,"Y","Robert_Altman",7.3,0.86,41308615,"Drama",12],["324.0",0.78,"R","Todd_Field",1700000,"In_the_Bedroom","2001-11-01",7438175,"Miramax",86,"Y","Todd_Field",7.5,0.93,35930604,"Action_/_Adventure",11],["325.0",0.92,"PG-13","Peter_Jackson",93000000,"The_Lord_of_the_Rings:_The_Fellowship_of_the_Ring","2001-12-01",555985574,"New_Line",92,"Y","Peter_Jackson",8.8,0.92,313364114,"Comedy_/_Musical",12],["326.0",0.88,"PG-13","Baz_Luhrmann",50000000,"Moulin_Rouge!","2001-05-01",121826827,"Fox",66,"Y","Baz_Luhrmann",7.6,0.76,57386607,"Drama",5],["327.0",0.48,"R","Luis_Mandoki",53000000,"Angel_Eyes","2001-05-01",5541388,"WB",39,"N","Mark_Canton",5.4,0.33,24174218,"Comedy_/_Musical",5],["328.0",0.76,"PG-13","Steven_Soderbergh",85000000,"Oceans_Eleven","2001-12-01",267300000,"WB",74,"N","Jerry_Weintraub",7.7,0.82,183417150,"Drama",12],["329.0",0.83,"PG-13","Silvio_Soldini",0,"Bread_and_Tulips","2001-07-01",3159755,"First",68,"N","Daniele_Maggioni",7.2,0.71,5318679,"Comedy_/_Musical",7],["33.0",0.4,"R","Robert_Rodriguez",12000000,"Machete_Kills","2013-10-01",7000000,"Open_Road_Films",41,"N","Robert_Rodriguez",5.8,0.29,8008000,"Action_/_Adventure",10],["330.0",0.41,"PG","Tim_Hill",25000000,"Max_Keebles_Big_Move","2001-10-01",1340361,"Buena_Vista",40,"N","Mike_Karz",5.0,0.29,17294293,"Action_/_Adventure",10],["331.0",0.67,"PG-13","Les_Mayfield",35000000,"American_Outlaws","2001-08-01",336123,"WB",25,"N","James_G._Robinson",5.7,0.14,13342790,"Family_/_Animation",8],["332.0",0.39,"PG","Robert_Rodriguez",35000000,"Spy_Kids","2001-03-01",35215179,"Miramax",71,"N","Elizabeth_Avellan",5.5,0.93,112719001,"Family_/_Animation",3],["333.0",0.84,"G","Pete_Docter",115000000,"Monsters,_Inc.","2001-11-01",269493347,"Buena_Vista",78,"N","Darla_K._Anderson",8.0,0.95,255873250,"Comedy_/_Musical",11],["334.0",0.81,"R","Mark_Brown",13000000,"Two_Can_Play_That_Game","2001-09-01",155549,"Sony",35,"N","Doug_McHenry",5.7,0.43,22235901,"Comedy_/_Musical",9],["335.0",0.5,"PG-13","Tommy_OHaver",22000000,"Get_Over_It","2001-03-01",8323902,"Miramax",52,"N","Paul_Feldsher",5.6,0.44,11576464,"Comedy_/_Musical",3],["336.0",0.65,"PG","Doug_McHenry",7000000,"Kingdom_Come","2001-04-01",146400,"Fox",48,"N","Edward_Bates",5.2,0.28,23249649,"Comedy_/_Musical",4],["337.0",0.47,"R","Gore_Verbinski",57000000,"The_Mexican","2001-03-01",81000000,"Dreamworks",43,"N","Christopher_Ball",6.0,0.56,66845033,"Drama",3],["338.0",0.75,"R","Francis_Veber",0,"The_Closet","2001-06-01",43425851,"Miramax",72,"N","Patrice_Ledoux",7.0,0.86,6678894,"Thriller_/_Horror",6],["339.0",0.29,"R","John_Carpenter",28000000,"John_Carpenters_Ghosts_of_Mars","2001-08-01",5301192,"Sony",35,"N","Sandy_King",4.8,0.21,8709640,"Thriller_/_Horror",8],["34.0",0.71,"PG-13","Gavin_Hood",110000000,"Enders_Game","2013-11-01",50494000,"Lionsgate",51,"N","Roberto_Orci",6.9,0.61,61737000,"Action_/_Adventure",11],["340.0",0.68,"R","Cameron_Crowe",68000000,"Vanilla_Sky","2001-12-01",102769997,"Paramount",45,"N","Cameron_Crowe",6.8,0.4,100618344,"Comedy_/_Musical",12],["341.0",0.17,"R","Peter_Chelsom",90000000,"Town_&_Country","2001-04-01",3652318,"New_Line",34,"N","Michael_Laughlin",4.3,0.13,6719973,"Action_/_Adventure",4],["342.0",0.85,"R","Ridley_Scott",103000000,"Gladiator","2000-05-01",269935000,"Dreamworks",64,"Y","Douglas_Wick",8.5,0.78,187705427,"Drama",5],["343.0",0.82,"PG-13","Lasse_Hallström",25000000,"Chocolat","2000-12-01",81190583,"Miramax",64,"Y","Harvey_and_Bob_Weinstein",7.3,0.63,71509363,"Action_/_Adventure",12],["344.0",0.81,"PG-13","Ang_Lee",17000000,"Crouching_Tiger,_Hidden_Dragon","2000-12-01",85446864,"Sony",93,"Y","Hsu_Li-Kong",7.9,0.97,128078872,"Drama",12],["345.0",0.76,"R","Steven_Soderbergh",52000000,"Erin_Brokovich","2000-03-01",130676081,"Universal",73,"Y","Danny_DeVito",7.2,0.84,125595205,"Drama",3],["346.0",0.81,"R","Steven_Soderbergh",0,"Traffic","2000-12-01",83400000,"USA",86,"Y","Laura_Bickford",7.7,0.92,124115725,"Comedy_/_Musical",12],["347.0",0.68,"R","Todd_Phillips",16000000,"Road_Trip","2000-05-01",51213510,"Dreamworks",55,"N","Daniel_Goldberg",6.4,0.57,68540777,"Comedy_/_Musical",5],["348.0",0.76,"PG-13","Matt_Williams",15000000,"Where_the_Heart_Is","2000-04-01",7090880,"Fox",30,"N","Susan_Cartsonis",6.5,0.35,33772838,"Comedy_/_Musical",4],["349.0",0.7,"PG-13","Howard_Deutch",50000000,"The_Replacements","2000-07-01",5317452,"WB",30,"N","Dylan_Sellers",6.3,0.4,44737059,"Thriller_/_Horror",7],["35.0",0.82,"PG-13","Michael_Haneke",13100000,"Amour","2012-12-01",6739000,"Sony",94,"Y","Margaret_Menegoz",7.8,0.93,8900000,"Drama",12],["350.0",0.35,"PG-13","Paul_Verhoeven",95000000,"Hollow_Man","2000-08-01",117004115,"Sony",24,"N","Douglas_Wick",5.6,0.27,73209340,"Comedy_/_Musical",8],["351.0",0.53,"PG-13","Peter_Segal",84000000,"The_Nutty_Professor_II:_The_Klumps","2000-07-01",43030000,"Universal",38,"N","Brian_Grazer",4.2,0.26,123309890,"Thriller_/_Horror",7],["352.0",0.5,"PG-13","Clint_Eastwood",65000000,"Space_Cowboys","2000-08-01",38419359,"WB",73,"N","Clint_Eastwood",6.2,0.79,90464773,"Comedy_/_Musical",8],["353.0",0.79,"PG-13","Jay_Roach",55000000,"Meet_the_Parents","2000-10-01",164200000,"Universal",73,"N","Robert_De_Niro",7.0,0.84,166244045,"Comedy_/_Musical",10],["354.0",0.5,"R","Keenan_Ivory_Wayans",19000000,"Scary_Movie","2000-07-01",121000000,"Miramax",48,"N","Eric_L._Gold",6.1,0.53,157019771,"Action_/_Adventure",7],["355.0",0.31,"PG-13","Antony_Hoffman",80000000,"Red_Planet","2000-11-01",15983079,"WB",34,"N","Bruce_Berman",5.5,0.14,17480890,"Action_/_Adventure",11],["356.0",0.3,"R","Stephen_Kay",63600000,"Get_Carter","2000-10-01",4445811,"WB",24,"N","Mark_Canton",4.8,0.12,14967182,"Drama",10],["357.0",0.61,"PG-13","Mark_Piznarski",15000000,"Here_on_Earth","2000-03-01",350980,"Fox",25,"N","David_T._Friendly",4.7,0.17,10522168,"Comedy_/_Musical",3],["358.0",0.22,"R","Nora_Ephron",63000000,"Lucky_Numbers","2000-10-01",847706,"Paramount",31,"N","Sean_Daniel",4.9,0.22,10042516,"Comedy_/_Musical",10],["359.0",0.54,"PG","Woody_Allen",25000000,"Small_Time_Crooks","2000-05-01",12668118,"Dreamworks",69,"N","Jean_Doumanian",6.5,0.67,17266359,"Thriller_/_Horror",5],["36.0",0.9,"R","Ben_Affleck",44500000,"Argo","2012-10-01",96300000,"WB",86,"Y","Grant_Heslov",7.8,0.96,136025000,"Thriller_/_Horror",10],["360.0",0.33,"R","Stephan_Elliott",35000000,"Eye_of_the_Beholder","2000-01-01",1088919,"Destination",29,"N","Nicolas_Clermont",4.7,0.09,16500786,"Comedy_/_Musical",1],["361.0",0.0,"PG-13","Amy_Heckerling",20000000,"Loser","2000-07-01",2786080,"Sony",35,"N","Amy_Heckerling",5.1,null,15618626,"Drama",7],["362.0",0.9,"R","Sam_Mendes",15000000,"American_Beauty","1999-09-01",226200000,"Dreamworks",86,"Y","Bruce_Cohen",8.5,0.88,130096601,"Drama",9],["363.0",0.75,"PG-13","Lasse_Hallström",24000000,"The_Cider_House_Rules","1999-12-01",31000000,"Miramax",75,"Y","Richard_N._Gladstein",7.4,0.71,57545092,"Drama",12],["364.0",0.93,"R","Frank_Darabont",60000000,"The_Green_Mile","1999-12-01",150000000,"WB",61,"Y","Frank_Darabont",8.5,0.8,136801374,"Thriller_/_Horror",12],["365.0",0.87,"R","Michael_Mann",90000000,"The_Insider","1999-11-01",31200000,"Buena_Vista",84,"Y","Pieter_Jan_Brugge",7.9,0.96,29089912,"Thriller_/_Horror",11],["366.0",0.87,"PG-13","M._Night_Shyamalan",40000000,"The_Sixth_Sense","1999-08-01",379300000,"Buena_Vista",64,"Y","Kathleen_Kennedy",8.2,0.85,293506292,"Family_/_Animation",8],["367.0",0.72,"PG","Brad_Bird",70000000,"The_Iron_Giant","1999-08-01",0,"WB",85,"N","Pete_Townshend",7.9,0.97,23159305,"Action_/_Adventure",8],["368.0",0.66,"R","John_McTiernan",160000000,"The_13th_Warrior","1999-08-01",29000000,"Buena_Vista",42,"N","Michael_Crichton",6.4,0.33,32698899,"Drama",8],["369.0",0.67,"R","Brian_Helgeland",90000000,"Payback","1999-02-01",80100000,"Paramount",46,"N","Bruce_Davey",7.0,0.53,81526121,"Family_/_Animation",2],["37.0",0.76,"PG-13","Benh_Zeitlin",1800000,"Beasts_of_the_Southern_Wild","2012-06-01",0,"Fox_Searchlight",86,"Y","Dan_Janvey",7.3,0.86,12795000,"Drama",6],["370.0",0.63,"G","Chris_Buck",130000000,"Tarzan","1999-06-01",277100000,"Buena_Vista",79,"N","Bonnie_Arnold",7.0,0.88,171091819,"Action_/_Adventure",6],["371.0",0.58,"PG-13","Michael_Apted",135000000,"The_World_Is_Not_Enough","1999-11-01",234888716,"MGM",59,"N","Michael_G._Wilson",6.3,0.51,126943684,"Comedy_/_Musical",11],["372.0",0.56,"R","Rob_Reiner",50000000,"The_Story_of_Us","1999-10-01",31800000,"Universal",37,"N","Jessie_Nelson",5.7,0.28,27100031,"Drama",10],["373.0",0.64,"R","Martin_Scorsese",55000000,"Bringing_Out_the_Dead","1999-10-01",0,"Paramount",70,"N","Barbara_De_Fina",6.8,0.71,16797191,"Family_/_Animation",10],["374.0",0.41,"G","Maurice_Joyce",0,"Dougs_First_Movie","1999-03-01",0,"Buena_Vista",0,"N","David_Campbell",5.0,0.26,19440089,"Drama",3],["375.0",0.75,"R","Craig_Bolotin",13000000,"Light_it_Up","1999-11-01",0,"Fox",43,"N","Tracy_Edmonds",5.5,0.38,5985690,"Comedy_/_Musical",11],["376.0",0.36,"R","Hugh_Johnson",70000000,"Chill_Factor","1999-09-01",0,"WB",33,"N","James_G._Robinson",5.0,0.07,11263966,"Comedy_/_Musical",9],["377.0",0.53,"R","Risa_Bramon_Garcia",6000000,"200_Cigarettes","1999-02-01",0,"Paramount",33,"N","Betsy_Beers",5.5,0.29,6852450,"Comedy_/_Musical",2],["378.0",0.65,"R","Dave_Meyers",0,"Foolish","1999-04-01",0,"Artisan",0,"N","Master_P",3.7,0.0,6033999,"Drama",4],["379.0",0.84,"R","Kimberly_Peirce",2000000,"Boys_Dont_Cry","1999-10-01",0,"Fox",86,"N","Christine_Vachon",7.5,0.88,11540607,"Action_/_Adventure",10],["38.0",0.92,"R","Quentin_Tarantino",100000000,"Django_Unchained","2012-12-01",262562000,"Weinstein_Company",81,"Y","Stacey_Sher",8.5,0.88,162805000,"Action_/_Adventure",12],["380.0",0.21,"R","Scott_Silver",50000000,"The_Mod_Squad","1999-03-01",0,"MGM",16,"N","Alan_Riche",4.0,0.04,13263993,"Action_/_Adventure",3],["381.0",0.0,"PG-13","Ringo_Lam",10000000,"Twin_Dragons","1999-04-01",0,"Miramax",54,"N","Teddy_Robin_Kwan",6.2,null,8359717,"Comedy_/_Musical",4],["382.0",0.76,"R","John_Madden",25000000,"Shakespeare_in_Love","1998-12-01",189000000,"Miramax",87,"Y","David_Parfitt",7.2,0.93,100317794,"Drama",12],["383.0",0.85,"R","Shekhar_Kapur",30000000,"Elizabeth","1998-11-01",52067943,"Gramercy",75,"Y","Tim_Bevan",7.5,0.82,30082699,"Drama",11],["384.0",0.96,"PG-13","Roberto_Benigni",0,"Life_is_Beautiful","1998-12-01",171600000,"Miramax",59,"Y","Gianluigi_Braschi",8.5,0.8,57247384,"Action_/_Adventure",12],["385.0",0.92,"R","Steven_Spielberg",70000000,"Savng_Private_Ryan","1998-07-01",265300000,"Dreamworks",90,"Y","Ian_Bryce",8.6,0.93,216540909,"Action_/_Adventure",7],["386.0",0.75,"R","Terrence_Malick",52000000,"The_Thin_Red_Line","1998-12-01",61726074,"Fox",78,"Y","Robert_Michael_Geisler",7.6,0.78,36400491,"Comedy_/_Musical",12],["387.0",0.67,"PG","Nancy_Meyers",0,"The_Parent_Trap","1998-07-01",25800000,"Buena_Vista",64,"N","Charles_Shyer",6.1,0.85,66308518,"Drama",7],["388.0",0.75,"R","Alfonso_Cuarón",0,"Great_Expectations","1998-01-01",29073394,"Fox",55,"N","N/A",6.7,0.38,26420672,"Comedy_/_Musical",1],["389.0",0.7,"R","Richard_Donner",140000000,"Lethal_Weapon_4","1998-07-01",155000000,"WB",37,"N","Richard_Donner",6.5,0.52,130444603,"Family_/_Animation",7],["39.0",0.79,"PG-13","Tom_Hooper",61000000,"Les_Miserables","2012-12-01",293000000,"Universal",63,"Y","Tim_Bevan",7.7,0.7,148809000,"Comedy_/_Musical",12],["390.0",0.16,"PG","Troy_Miller",85000000,"Jack_Frost","1998-12-01",0,"WB",0,"N","Irving_Azoff",4.8,0.46,34562556,"Comedy_/_Musical",12],["391.0",0.52,"R","Ronny_Yu",25000000,"Bride_of_Chucky","1998-10-01",18288000,"Universal",0,"N","David_Kirschner",5.8,0.42,32383850,"Family_/_Animation",10],["392.0",0.61,"G","John_Lasseter",120000000,"A_Bugs_Life","1998-11-01",200600000,"Buena_Vista",77,"N","Daria_K._Anderson",7.2,0.92,162798565,"Comedy_/_Musical",11],["393.0",0.59,"PG-13","Deborah_Kaplan",0,"Cant_Hardly_Wait","1998-06-01",0,"Sony",52,"N","Betty_Thomas",6.3,0.44,25605015,"Action_/_Adventure",6],["394.0",0.77,"PG-13","Michael_Bay",140000000,"Armageddon","1998-07-01",352131606,"Buena_Vista",42,"N","Michael_Bay",6.4,0.39,201578182,"Drama",7],["395.0",0.75,"R","Sam_Raimi",30000000,"A_Simple_Plan","1998-12-01",0,"Paramount",82,"N","James_Jacks",7.5,0.9,16316273,"Drama",12],["396.0",0.96,"R","Tony_Kaye",20000000,"American_History_X","1998-10-01",17155263,"New_Line",62,"N","John_Morrissey",8.6,0.82,6719864,"Drama",10],["397.0",0.73,"R","Joseph_Ruben",0,"Return_to_Paradise","1998-08-01",0,"Polygram",54,"N","David_Arnold",6.7,0.71,8341087,"Family_/_Animation",8],["398.0",0.41,"G","Richard_Martin",0,"Air_Bud:_Golden_Reciever","1998-08-01",0,"Miramax",0,"N","Robert_Vince",4.1,0.06,10224116,"Comedy_/_Musical",8],["399.0",0.19,"R","Neil_Abramson",20000000,"Ringmaster","1998-11-01",0,"Artisan",0,"N","Gary_W._Goldstein",3.1,0.25,9257103,"Action_/_Adventure",11],["4.0",0.84,"PG-13","Alfonso_Cuarón",100000000,"Gravity","2013-10-01",431000000,"WB",96,"Y","Alfonso_Cuaron",8.2,0.97,268167000,"Thriller_/_Horror",10],["40.0",0.85,"PG","Ang_Lee",120000000,"Life_of_Pi","2012-11-01",484029000,"Fox",79,"Y","Gil_Netter",8.1,0.87,124987000,"Action_/_Adventure",11],["400.0",0.45,"R","Paul_W._S._Anderson",60000000,"Soldier","1998-10-01",0,"WB",0,"N","Jerry_Weintraub",5.8,0.1,14594226,"Action_/_Adventure",10],["401.0",0.61,"PG-13","Kevin_Hooks",0,"Black_Dog","1998-05-01",0,"Universal",0,"N","Raffaella_De_Laurentiis",5.0,0.11,12951088,"Drama",5],["402.0",0.69,"PG-13","James_Cameron",200000000,"Titanic","1997-04-01",1526700000,"Paramount",74,"Y","James_Cameron",7.6,0.87,600788188,"Comedy_/_Musical",4],["403.0",0.81,"PG-13","James_L._Brooks",50000000,"As_Good_as_It_Gets","1997-12-01",165700000,"Sony",67,"Y","James_L._Brooks",7.8,0.86,148478011,"Comedy_/_Musical",12],["404.0",0.73,"R","Peter_Cattaneo",3500000,"The_Full_Monty","1997-08-01",211988527,"Fox_Searchlight",75,"Y","Uberto_Pasolini",7.2,0.95,45950122,"Drama",8],["405.0",0.92,"R","Gus_Van_Sant",0,"Good_Will_Hunting","1997-12-01",87500000,"Miramax",70,"Y","Lawrence_Bender",8.2,0.97,138433435,"Drama",12],["406.0",0.9,"R","Curtis_Hanson",0,"L.A._Confidential","1997-09-01",61600000,"WB",90,"Y","Curtis_Hanson",8.4,0.99,64616940,"Thriller_/_Horror",9],["407.0",0.61,"R","Jonathan_Mostow",36000000,"Breakdown","1997-05-01",0,"Paramount",73,"N","Dino_De_Laurentiis",6.8,0.8,50159144,"Thriller_/_Horror",5],["408.0",0.56,"R","Michael_Caton-Jones",60000000,"The_Jackal","1997-11-01",104000000,"Universal",36,"N","James_Jacks",6.1,0.15,54930280,"Family_/_Animation",11],["409.0",0.3,"PG","Bob_Spiers",0,"That_Darn_Cat","1997-02-01",0,"Buena_Vista",0,"N","Robert_Simonds",4.4,0.13,18301610,"Comedy_/_Musical",2],["41.0",0.81,"PG-13","Steven_Spielberg",65000000,"Lincoln","2012-11-01",93085000,"Buena_Vista",86,"Y","Steven_Spielberg",7.5,0.9,182207000,"Drama",11],["410.0",0.84,"R","George_Armitage",0,"Grosse_Pointe_Blank","1997-04-01",0,"Buena_Vista",76,"N","Susan_Arnold",7.4,0.79,28084357,"Comedy_/_Musical",4],["411.0",0.48,"PG-13","Frank_Oz",35000000,"In_&_Out","1997-09-01",0,"Paramount",70,"N","G._Mac_Brown",6.2,0.73,63856929,"Comedy_/_Musical",9],["412.0",0.54,"PG-13","Dennis_Dugan",0,"Beverly_Hills_Ninja","1997-01-01",0,"Sony",27,"N","Bradley_Jenkel",5.1,0.14,31480418,"Drama",1],["413.0",0.86,"R","Kasi_Lemmons",0,"Eves_Bayou","1997-06-01",0,"Trimark",78,"N","Nick_Wechsler",7.1,0.8,14842388,"Family_/_Animation",6],["414.0",0.68,"G","Ron_Clements",85000000,"Hercules","1997-06-01",153600000,"Buena_Vista",0,"N","Ron_Clements",7.0,0.84,99112101,"Thriller_/_Horror",6],["415.0",0.54,"R","Wes_Craven",24000000,"Scream_2","1997-12-01",71000000,"Dimension_Films",63,"N","Cathy_Konrad",6.0,0.81,101363301,"Drama",12],["416.0",0.63,"R","Clint_Eastwood",35000000,"Midnight_in_the_Garden_of_Good_and_Evil","1997-11-01",0,"WB",57,"N","Clint_Eastwood",6.5,0.47,25105255,"Comedy_/_Musical",11],["417.0",0.54,"PG-13","Randall_Miller",0,"The_6th_Man","1997-03-01",0,"Buena_Vista",0,"N","David_Hoberman",5.1,0.23,14772788,"Action_/_Adventure",3],["418.0",0.51,"R","Kevin_Costner",80000000,"The_Postman","1997-12-01",0,"WB",29,"N","Kevin_Costner",5.7,0.09,17626234,"Drama",12],["419.0",0.91,"PG-13","Jan_Sv?rák",0,"Kolya","1997-01-01",0,"Miramax",0,"N","Eric_Abraham",7.6,0.96,5770254,"Drama",1],["42.0",0.86,"R","David_O._Russell",21000000,"Silver_Linings_Playbook","2012-11-01",104319000,"Weinstein_Company",81,"Y","Donna_Gigliotti",7.9,0.92,132092000,"Comedy_/_Musical",11],["420.0",0.69,"R","Mira_Nair",3000000,"Kama_Sutra:_A_Tale_of_Love","1997-09-01",0,"Trimark",0,"N","Caroline_Baron",5.7,0.4,4109095,"Action_/_Adventure",9],["421.0",0.35,"PG-13","John_Nicolella",0,"Kull_the_Conqueror","1997-08-01",0,"Universal",0,"N","Raffaella_De_Laurentiis",4.6,0.26,6112613,"Drama",8],["422.0",0.81,"R","Anthony_Minghella",27000000,"The_English_Patient","1996-11-01",153300000,"Miramax",87,"Y","Saul_Zaentz",7.3,0.83,78676425,"Comedy_/_Musical",11],["423.0",0.91,"R","Joel_and_Ethan_Coen",7000000,"Fargo","1996-03-01",36000000,"Gramercy",85,"Y","Ethan_and_Joel_Coen",8.2,0.94,24611975,"Drama",3],["424.0",0.72,"R","Cameron_Crowe",50000000,"Jerry_Maguire","1996-12-01",119600000,"Sony",77,"Y","Cameron_Crowe",7.2,0.85,153952592,"Drama",12],["425.0",0.9,"R","Mike_Leigh",4500000,"Secrets_&_Lies","1996-02-01",0,"October",91,"Y","Simon_Channing-Williams",7.9,0.94,13417292,"Drama",2],["426.0",0.89,"PG-13","Scott_Hicks",0,"Shine","1996-11-01",0,"Fine_Line",87,"Y","Jane_Scott",7.6,0.91,35892330,"Thriller_/_Horror",11],["427.0",0.61,"R","Ron_Howard",0,"Ransom","1996-11-01",173000000,"Buena_Vista",60,"N","Brian_Grazer",6.6,0.73,136492681,"Comedy_/_Musical",11],["428.0",0.63,"PG-13","Albert_Brooks",0,"Mother","1996-03-01",0,"Paramount",0,"N","Herb_Nanas",6.7,0.91,19145198,"Thriller_/_Horror",3],["429.0",0.25,"R","Phil_Joanou",0,"Heavens_Prisoners","1996-05-01",0,"New_Line",0,"N","Leslie_Greif",5.6,0.16,5009305,"Comedy_/_Musical",5],["43.0",0.8,"R","Kathryn_Bigelow",40000000,"Zero_Dark_Thirty","2012-12-01",37100000,"Sony",95,"Y","Mark_Boal",7.5,0.93,95720000,"Thriller_/_Horror",12],["430.0",0.53,"PG-13","Donald_Petrie",0,"The_Associate","1996-10-01",0,"Buena_Vista",0,"N","Frederic_Golchan",5.7,0.28,12844057,"Thriller_/_Horror",10],["431.0",0.45,"PG-13","Christian_Duguay",0,"Screamers","1996-01-01",0,"Sony",0,"N","Franco_Battista",6.2,0.3,5711695,"Drama",1],["432.0",0.64,"PG-13","Rob_Reiner",36000000,"Ghosts_of_Mississippi","1996-06-01",0,"Sony",0,"N","Nicholas_Paleologos",6.4,0.46,13323144,"Drama",6],["433.0",0.76,"PG-13","Baz_Luhrmann",14500000,"Romeo_+_Juliet","1996-11-01",101203653,"Fox",60,"N","Baz_Luhrmann",6.8,0.7,46351345,"Family_/_Animation",11],["434.0",0.5,"PG","Fraser_Clarke_Heston",24000000,"Alaska","1996-08-01",0,"Sony",0,"N","Andy_Burg",5.4,0.18,11829959,"Comedy_/_Musical",8],["435.0",0.31,"PG-13","Tom_DeCerchio",0,"Celtic_Pride","1996-04-01",0,"Buena_Vista",0,"N","Roger_Birnbaum",4.9,0.09,9255027,"Thriller_/_Horror",4],["436.0",0.4,"R","Stephan_Frears",47000000,"Mary_Reilly","1996-02-01",6672308,"Sony",44,"N","Norma_Heyman",5.6,0.26,5707094,"Family_/_Animation",2],["437.0",0.64,"PG","Carroll_Ballard",0,"Fly_Away_Home","1996-09-01",0,"Sony",66,"N","Carol_Baum",6.8,0.85,25143818,"Family_/_Animation",9],["438.0",0.61,"PG-13","Mike_Judge",12000000,"Beavis_and_Butt-head_Do_America","1996-12-01",0,"Paramount",64,"N","Abby_Terkuhle",6.6,0.71,63118386,"Thriller_/_Horror",12],["439.0",0.83,"R","Joel_Schumacher",40000000,"A_Time_to_Kill","1996-07-01",43500000,"WB",54,"N","Arnon_Milchan",7.2,0.67,108766007,"Action_/_Adventure",7],["44.0",0.83,"PG-13","Peter_Jackson",200000000,"The_Hobbit:_An_Unexpected_Journey","2012-12-01",714000000,"WB",58,"Y","Peter_Jackson",8.1,0.65,303003000,"Action_/_Adventure",12],["440.0",0.7,"R","Stanley_Tong",0,"Supercop","1996-07-01",0,"Miramax",0,"N","Willie_Chan",6.8,0.95,16270600,"Action_/_Adventure",7],["441.0",0.44,"R","Robert_Mandel",0,"The_Substitute","1996-06-01",0,"Orion_Pictures",0,"N","N/A",5.6,0.38,14818176,"Action_/_Adventure",6],["45.0",0.87,"PG","Rich_Moore",165000000,"Wreck-It_Ralph","2012-11-01",281800000,"Buena_Vista",72,"N","John_Lasseter",7.8,0.86,189422000,"Family_/_Animation",11],["46.0",0.55,"PG-13","Adam_Shankman",75000000,"Rock_of_Ages","2012-06-01",20900000,"WB",47,"N","Chris_DArienzo",5.9,0.41,38518000,"Comedy_/_Musical",6],["47.0",0.63,"PG-13","Alex_Kurtzman",16000000,"People_Like_Us","2012-06-01",0,"Buena_Vista",49,"N","Bobby_Cohen",7.1,0.55,12434000,"Drama",6],["48.0",0.48,"PG-13","Josh_Schwartz",14000000,"Fun_Size","2012-10-01",2007000,"Paramount",37,"N","Steve_Golin",5.4,0.25,9409000,"Comedy_/_Musical",10],["49.0",0.41,"R","RZA",15000000,"The_Man_With_the_Iron_Fists","2012-11-01",4037000,"Universal",51,"N","Marc_Abraham",5.4,0.49,15634000,"Action_/_Adventure",11],["5.0",0.87,"R","Alexander_Payne",12000000,"Nebraska","2013-11-01",0,"Paramount",86,"Y","Albert_Berger",8.0,0.92,15895000,"Drama",11],["50.0",0.72,"PG-13","Richard_Linklater",6000000,"Bernie","2012-04-01",0,"Millenium_Entertainment",75,"N","Celine_Rattray",6.8,0.9,9206000,"Comedy_/_Musical",4],["51.0",0.67,"PG-13","Robert_Lorenz",60000000,"Trouble_with_the_Curve","2012-09-01",13200000,"WB",58,"N","Clint_Eastwood",6.8,0.51,35763000,"Drama",9],["52.0",0.73,"R","Drew_Goddard",30000000,"Cabin_in_the_Woods","2012-04-01",24412000,"Lionsgate",72,"N","Jason_Clark",7.1,0.92,42073000,"Thriller_/_Horror",4],["53.0",0.71,"R","Martin_McDonagh",15000000,"Seven_Psychopaths","2012-10-01",4398000,"CBS",66,"N","Martin_McDonagh",7.2,0.83,15024000,"Action_/_Adventure",10],["54.0",0.77,"PG-13","Tyler_Perry",14000000,"Tyler_Perrys_Good_Deeds","2012-02-01",553000,"Lionsgate",43,"N","Ozzie_Areu",5.1,0.31,35025000,"Drama",2],["55.0",0.71,"PG-13","Barry_Sonnenfeld",225000000,"MIB_3","2012-05-01",445005000,"Sony",58,"N","Steven_Spielberg",6.9,0.7,179020000,"Comedy_/_Musical",5],["56.0",0.6,"R","Paul_Thomas_Anderson",32000000,"The_Master","2012-09-01",11880000,"Weinstein_Company",86,"N","Paul_Thomas_Anderson",7.1,0.85,16377000,"Drama",9],["57.0",0.53,"R","Sean_Anders",70000000,"Thats_My_Boy","2012-06-01",20788000,"Sony",31,"N","Allen_Covert",5.6,0.2,36931000,"Comedy_/_Musical",6],["58.0",0.58,"R","Baltasar_Kormakur",25000000,"Contraband","2012-01-01",29734000,"Universal",51,"N","Tim_Bevan",6.5,0.51,66528000,"Thriller_/_Horror",1],["59.0",0.43,"PG-13","Heitor_Dhalia",0,"Gone","2012-02-01",6417000,"Lionsgate",36,"N","Sidney_Kimmel",5.9,0.11,11682000,"Thriller_/_Horror",2],["6.0",0.9,"PG-13","Sephen_Frears",0,"Philomena","2013-11-01",47724000,"Weinstein_Company",76,"Y","Gabrielle_Tana",7.8,0.92,30396000,"Drama",11],["60.0",0.7,"PG","Tim_Burton",39000000,"Frankenweenie","2012-10-01",46200000,"Buena_Vista",74,"N","Tim_Burton",7.0,0.87,35291000,"Family_/_Animation",10],["61.0",0.76,"PG","Mark_Andrews,_Brenda_Chapman",185000000,"Brave","2012-06-01",301700000,"Buena_Vista",69,"N","Pete_Docter",7.2,0.78,237283000,"Family_/_Animation",6],["62.0",0.46,"R","James_McTeigue",26000000,"The_Raven","2012-04-01",13649000,"Relativity",44,"N","Marc_D_Evans",6.4,0.23,16008000,"Thriller_/_Horror",4],["63.0",0.64,"PG-13","Lasse_Hallström",14500000,"Salmon_Fishing_in_the_Yemen","2012-03-01",25516000,"CBS",58,"N","Paul_Webster",6.9,0.67,9047000,"Drama",3],["64.0",0.69,"R","Ridley_Scott",130000000,"Prometheus","2012-06-01",276877000,"Fox",65,"N","Damon_Lindelof",7.1,0.74,126477000,"Action_/_Adventure",6],["65.0",0.66,"PG-13","Todd_Graff",25000000,"Joyful_Noise","2012-01-01",226000,"WB",44,"N","Broderick_Johnson",5.6,0.33,30932000,"Comedy_/_Musical",1],["66.0",0.61,"PG-13","Sacha_Gervasi",0,"Hitchcock","2012-11-01",17561000,"Fox_Searchlight",55,"N","Ivan_Reitman",6.9,0.62,6008677,"Drama",11],["67.0",0.8,"PG-13","Tim_Story",12000000,"Think_Like_a_Man","2012-04-01",4523000,"Sony",51,"N","Rob_Hardy",6.5,0.53,91547000,"Comedy_/_Musical",4],["68.0",0.48,"PG-13","Kirk_Jones",40000000,"What_to_Expect_When_Youre_Expecting","2012-05-01",43231000,"Lionsgate",41,"N","Mike_Medavoy",5.6,0.22,41152000,"Comedy_/_Musical",5],["69.0",0.89,"PG-13","Michel_Hazanavicius",15000000,"The_Artist","2011-11-01",88761174,"Weinstein_Company",89,"Y","Thomas_Langmann",8.1,0.98,44671682,"Drama",11],["7.0",0.92,"R","Steve_McQueen",20000000,"12_Years_a_Slave","2013-10-01",61200000,"Fox_Searchlight",97,"Y","Brad_Pitt",8.4,0.96,48352000,"Drama",10],["70.0",0.79,"R","Alexander_Payne",20000000,"The_Descendants","2011-11-01",94659025,"Fox",84,"Y","Jim_Burke",7.5,0.89,82584160,"Drama",11],["71.0",0.61,"PG-13","Stephen_Daldry",40000000,"Extremely_Loud_and_Incredibly_Close","2011-12-01",16000000,"WB",46,"Y","Scott_Rudin",68.0,0.47,31847881,"Drama",12],["72.0",0.9,"PG-13","Tate_Taylor",25000000,"The_Help","2011-08-01",41900000,"Buena_Vista",62,"Y","Chris_Columbus",8.0,0.76,169708112,"Drama",8],["73.0",0.79,"PG","Martin_Scorsese",170000000,"Hugo","2011-11-01",111905653,"Paramount",83,"Y","Johnny_Depp",7.7,0.94,73864507,"Family_/_Animation",11],["74.0",0.82,"PG-13","Woody_Allen",17000000,"Midnight_in_Paris","2011-05-01",94302174,"Sony",81,"Y","Letty_Aronson",7.7,0.93,56817045,"Comedy_/_Musical",5],["75.0",0.86,"PG-13","Bennett_Miller",50000000,"Moneyball","2011-09-01",34600724,"Sony",87,"Y","Michael_De_Luca",7.6,0.95,75605492,"Drama",9],["76.0",0.6,"PG-13","Terrence_Malick",32000000,"The_Tree_of_Life","2011-05-01",41000000,"Fox",85,"Y","Sarah_Green",6.8,0.84,13303319,"Drama",5],["77.0",0.74,"PG-13","Steven_Spielberg",66000000,"War_Horse","2011-12-01",97700000,"Buena_Vista",72,"Y","Steven_Spielberg",7.2,0.77,79884879,"Action_/_Adventure",12],["78.0",0.25,"PG-13","Chris_Gorak",30000000,"The_Darkest_Hour","2011-12-01",43183292,"Summit_Entertainment",16,"N","Timur_Bekmambetov",4.9,0.12,21443494,"Thriller_/_Horror",12],["79.0",0.47,"PG-13","Jason_Winer",40000000,"Arthur","2011-04-01",12700000,"WB",36,"N","Larry_Brezner",5.7,0.26,33035397,"Comedy_/_Musical",4],["8.0",0.83,"R","Martin_Scorsese",100000000,"The_Wolf_of_Wall_Street","2013-12-01",196992000,"Paramount",75,"Y","Martin_Scorsese",8.5,0.77,111032000,"Drama",12],["80.0",0.93,"PG-13","Gavin_OConnor",25000000,"Warrior","2011-09-01",9400000,"Lionsgate",71,"N","Gavin_OConnor",8.2,0.83,13657115,"Action_/_Adventure",9],["81.0",0.76,"R","Paul_Feig",32500000,"Bridesmaids","2011-05-01",119276798,"Universal",75,"N","Judd_Apatow",6.9,0.9,169106725,"Comedy_/_Musical",5],["82.0",0.89,"R","Jonathan_Levine",8000000,"50/50","2011-09-01",4173591,"Summit_Entertainment",72,"N","Evan_Goldberg",7.8,0.93,35014192,"Drama",9],["83.0",0.49,"PG-13","Jonathan_Liebesman",70000000,"Battle:_Los_Angeles","2011-03-01",128266925,"Sony",37,"N","Jeffrey_Chernov",5.8,0.35,83552429,"Action_/_Adventure",3],["84.0",0.48,"PG-13","Daniel_Barnz",17000000,"Beastly","2011-03-01",968438,"CBS",40,"N","Susan_Cartsonis",5.3,0.2,27865571,"Action_/_Adventure",3],["85.0",0.36,"R","Jake_Kasdan",20000000,"Bad_Teacher","2011-06-01",115904636,"Sony",47,"N","Jimmy_Miller",5.7,0.44,100292856,"Comedy_/_Musical",6],["86.0",0.43,"PG-13","Tom_Hanks",30000000,"Larry_Crowne","2011-07-01",115904636,"Universal",41,"N","Gary_Goetzman",5.9,0.35,35608245,"Comedy_/_Musical",7],["87.0",0.23,"PG-13","David_R._Ellis",25000000,"Shark_Night_3D","2011-09-01",21259326,"Relativity",22,"N","Chris_Briggs",3.9,0.16,18877153,"Thriller_/_Horror",9],["88.0",0.75,"PG-13","Joe_Johnston",140000000,"Captain_America:_The_First_Avenger","2011-07-01",191953858,"Paramount",66,"N","Kevin_Feige",6.8,0.79,176654505,"Action_/_Adventure",7],["89.0",0.42,"PG-13","Kevin_Macdonald",25000000,"The_Eagle","2011-02-01",7631999,"Focus",55,"N","Duncan_Kenworth",6.2,0.38,19490041,"Action_/_Adventure",2],["9.0",0.85,"R","Spike_Jonze",0,"Her","2013-12-01",524000,"WB",90,"Y","Megan_Ellison",8.4,0.94,23249000,"Drama",12],["90.0",0.47,"PG-13","Martin_Campbell",200000000,"Green_Lantern","2011-06-01",103250000,"WB",39,"N","Donald_De_Line",5.8,0.26,116601172,"Action_/_Adventure",6],["91.0",0.61,"PG-13","Steven_Soderbergh",60000000,"Contagion","2011-09-01",59800000,"WB",70,"N","Michael_Shamberg",6.7,0.84,75658097,"Action_/_Adventure",9],["92.0",0.52,"R","Steven_Quale",40000000,"Final_Destination_5","2011-08-01",115300000,"WB",50,"N","Craig_Perry",5.9,0.61,42587643,"Thriller_/_Horror",8],["93.0",0.31,"PG-13","Ron_Howard",70000000,"The_Dilemma","2011-01-01",21246676,"Universal",46,"N","Brian_Grazer",5.2,0.24,48475290,"Comedy_/_Musical",1],["94.0",0.78,"PG-13","J.J._Abrams",50000000,"Super_8","2011-06-01",132932498,"Paramount",72,"N","Steven_Spielberg",7.2,0.82,127004179,"Action_/_Adventure",6],["95.0",0.92,"PG-13","Asghar_Farhadi",800000,"A_Separation","2011-12-01",12800000,"Sony",95,"N","Asghar_Farhadi",8.5,0.99,7099055,"Drama",12],["96.0",0.48,"PG-13","Luke_Greenfield",35000000,"Something_Borrowed","2011-05-01",21137332,"WB",36,"N","Hilary_Swank",5.7,0.15,39046489,"Comedy_/_Musical",5],["97.0",0.45,"PG-13","Jon_Favreau",163000000,"Cowboys_and_Aliens","2011-07-01",74581774,"Universal",50,"N","Brian_Grazer",6.1,0.44,100240551,"Action_/_Adventure",7],["98.0",0.78,"G","Stephen_J._Anderson",30000000,"Winnie_the_Pooh","2011-07-01",6460000,"Buena_Vista",74,"N","Peter_Del_Vecho",7.2,0.91,26692846,"Family_/_Animation",7],["99.0",0.32,"PG-13","Douglas_McGrath",24000000,"I_Dont_Know_How_She_Does_It","2011-09-01",20889211,"Weinstein_Company",38,"N","Donna_Gigliotti",4.5,0.17,9662284,"Comedy_/_Musical",9]],"headers":["MOVIE","RottenTomatoes_Audience","Rating","Director","MovieBudget","Title","ReleaseDate","Revenue_International","Studio","Metacritic_Score","Nominated","Producer","IMDBScore","RottenTomatoes_Critics","Revenue_Domestic","Genre","ReleaseMonth"],"rawHeaders":["MOVIE","ROTTENTOMATOES_AUDIENCE","RATING","DIRECTOR","MOVIEBUDGET","TITLE","RELEASEDATE","REVENUE_INTERNATIONAL","STUDIO","METACRITIC_SCORE","NOMINATED","PRODUCER","IMDBSCORE","ROTTENTOMATOES_CRITICS","REVENUE_DOMESTIC","GENRE","RELEASEMONTH"]},"headerInfo":[{"alias":"MOVIE","header":"MOVIE","type":"STRING","derived":false},{"alias":"RottenTomatoes_Audience","header":"RottenTomatoes_Audience","type":"NUMBER","derived":false},{"alias":"Rating","header":"Rating","type":"STRING","derived":false},{"alias":"Director","header":"Director","type":"STRING","derived":false},{"alias":"MovieBudget","header":"MovieBudget","type":"NUMBER","derived":false},{"alias":"Title","header":"Title","type":"STRING","derived":false},{"alias":"ReleaseDate","header":"ReleaseDate","type":"DATE","derived":false},{"alias":"Revenue_International","header":"Revenue_International","type":"NUMBER","derived":false},{"alias":"Studio","header":"Studio","type":"STRING","derived":false},{"alias":"Metacritic_Score","header":"Metacritic_Score","type":"NUMBER","derived":false},{"alias":"Nominated","header":"Nominated","type":"STRING","derived":false},{"alias":"Producer","header":"Producer","type":"STRING","derived":false},{"alias":"IMDBScore","header":"IMDBScore","type":"NUMBER","derived":false},{"alias":"RottenTomatoes_Critics","header":"RottenTomatoes_Critics","type":"NUMBER","derived":false},{"alias":"Revenue_Domestic","header":"Revenue_Domestic","type":"NUMBER","derived":false},{"alias":"Genre","header":"Genre","type":"STRING","derived":false},{"alias":"ReleaseMonth","header":"ReleaseMonth","type":"NUMBER","derived":false}],"sortInfo":[],"numRows":441,"sources":[{"name":"FRAME","type":"FRAME"}],"numCollected":500,"taskOptions":{"0":{"layout":"Grid","alignment":{"label":["MOVIE","RottenTomatoes_Audience","Rating","Director","MovieBudget","Title","ReleaseDate","Revenue_International","Studio","Metacritic_Score","Nominated","Producer","IMDBScore","RottenTomatoes_Critics","Revenue_Domestic","Genre","ReleaseMonth"]}}},"format":{"type":"TABLE"},"filterInfo":[],"taskId":"task1"},"operationType":["TASK_DATA"]}]}